"file","func","value","site","tile"
"ORNL_2018_DEM_mosaic_2025-10-22_1.tif","sa_1",16.4259437820389,"ORNL","1"
"ORNL_2018_DEM_mosaic_2025-10-22_2.tif","sa_1",18.739303066998,"ORNL","2"
"ORNL_2018_DEM_mosaic_2025-10-22_3.tif","sa_1",19.4641913559909,"ORNL","3"
"ORNL_2018_DEM_mosaic_2025-10-22_4.tif","sa_1",14.7878675285101,"ORNL","4"
"ORNL_2018_DEM_mosaic_2025-10-22_5.tif","sa_1",23.0731912674787,"ORNL","5"
"ORNL_2018_DEM_mosaic_2025-10-22_6.tif","sa_1",16.9417598440988,"ORNL","6"
"ORNL_2018_DEM_mosaic_2025-10-22_7.tif","sa_1",33.8015238009922,"ORNL","7"
"ORNL_2018_DEM_mosaic_2025-10-22_8.tif","sa_1",20.1026174078923,"ORNL","8"
"ORNL_2018_DEM_mosaic_2025-10-22_9.tif","sa_1",19.0263041686678,"ORNL","9"
"RMNP_2020_DEM_mosaic_2025-10-22_1.tif","sa_1",42.5589643020412,"RMNP","1"
"RMNP_2020_DEM_mosaic_2025-10-22_2.tif","sa_1",40.0573893220608,"RMNP","2"
"RMNP_2020_DEM_mosaic_2025-10-22_3.tif","sa_1",50.1974735284507,"RMNP","3"
"RMNP_2020_DEM_mosaic_2025-10-22_4.tif","sa_1",30.4223645352196,"RMNP","4"
"RMNP_2020_DEM_mosaic_2025-10-22_5.tif","sa_1",126.641014341791,"RMNP","5"
"RMNP_2020_DEM_mosaic_2025-10-22_6.tif","sa_1",129.024701241201,"RMNP","6"
"RMNP_2020_DEM_mosaic_2025-10-22_7.tif","sa_1",47.8926500490313,"RMNP","7"
"RMNP_2020_DEM_mosaic_2025-10-22_8.tif","sa_1",103.113719350845,"RMNP","8"
"RMNP_2020_DEM_mosaic_2025-10-22_9.tif","sa_1",109.056988919065,"RMNP","9"
"CPER_2020_DEM_mosaic_2025-10-22_1.tif","sa_1",8.71514040870935,"CPER","1"
"CPER_2020_DEM_mosaic_2025-10-22_2.tif","sa_1",6.69982075454916,"CPER","2"
"CPER_2020_DEM_mosaic_2025-10-22_3.tif","sa_1",6.14791407645028,"CPER","3"
"CPER_2020_DEM_mosaic_2025-10-22_4.tif","sa_1",9.27272369809975,"CPER","4"
"CPER_2020_DEM_mosaic_2025-10-22_5.tif","sa_1",5.004272925586,"CPER","5"
"CPER_2020_DEM_mosaic_2025-10-22_6.tif","sa_1",7.91612267191149,"CPER","6"
"CPER_2020_DEM_mosaic_2025-10-22_7.tif","sa_1",8.66673279864606,"CPER","7"
"CPER_2020_DEM_mosaic_2025-10-22_8.tif","sa_1",10.0643660840676,"CPER","8"
"CPER_2020_DEM_mosaic_2025-10-22_9.tif","sa_1",4.40074129789887,"CPER","9"
"WOOD_2019_DEM_mosaic_2025-10-22_1.tif","sa_1",6.8893900821579,"WOOD","1"
"WOOD_2019_DEM_mosaic_2025-10-22_2.tif","sa_1",5.96522641218155,"WOOD","2"
"WOOD_2019_DEM_mosaic_2025-10-22_3.tif","sa_1",6.05484825511655,"WOOD","3"
"WOOD_2019_DEM_mosaic_2025-10-22_4.tif","sa_1",5.80207902882275,"WOOD","4"
"WOOD_2019_DEM_mosaic_2025-10-22_5.tif","sa_1",6.76358267587359,"WOOD","5"
"WOOD_2019_DEM_mosaic_2025-10-22_6.tif","sa_1",7.07221122061715,"WOOD","6"
"WOOD_2019_DEM_mosaic_2025-10-22_7.tif","sa_1",4.9546735475655,"WOOD","7"
"WOOD_2019_DEM_mosaic_2025-10-22_8.tif","sa_1",5.18795116716389,"WOOD","8"
"WOOD_2019_DEM_mosaic_2025-10-22_9.tif","sa_1",6.24609259153148,"WOOD","9"
"ORNL_2018_DEM_mosaic_2025-10-22_1.tif","sq_1",20.0300808461917,"ORNL","1"
"ORNL_2018_DEM_mosaic_2025-10-22_2.tif","sq_1",23.0164758713568,"ORNL","2"
"ORNL_2018_DEM_mosaic_2025-10-22_3.tif","sq_1",24.4502631368708,"ORNL","3"
"ORNL_2018_DEM_mosaic_2025-10-22_4.tif","sq_1",18.093016373227,"ORNL","4"
"ORNL_2018_DEM_mosaic_2025-10-22_5.tif","sq_1",27.1983787874566,"ORNL","5"
"ORNL_2018_DEM_mosaic_2025-10-22_6.tif","sq_1",20.7362146552442,"ORNL","6"
"ORNL_2018_DEM_mosaic_2025-10-22_7.tif","sq_1",43.9127101394757,"ORNL","7"
"ORNL_2018_DEM_mosaic_2025-10-22_8.tif","sq_1",23.7459996996474,"ORNL","8"
"ORNL_2018_DEM_mosaic_2025-10-22_9.tif","sq_1",22.1206149192019,"ORNL","9"
"RMNP_2020_DEM_mosaic_2025-10-22_1.tif","sq_1",51.7785824704649,"RMNP","1"
"RMNP_2020_DEM_mosaic_2025-10-22_2.tif","sq_1",47.7477275321451,"RMNP","2"
"RMNP_2020_DEM_mosaic_2025-10-22_3.tif","sq_1",65.815773376359,"RMNP","3"
"RMNP_2020_DEM_mosaic_2025-10-22_4.tif","sq_1",37.7260041624801,"RMNP","4"
"RMNP_2020_DEM_mosaic_2025-10-22_5.tif","sq_1",152.648875067858,"RMNP","5"
"RMNP_2020_DEM_mosaic_2025-10-22_6.tif","sq_1",157.311820921877,"RMNP","6"
"RMNP_2020_DEM_mosaic_2025-10-22_7.tif","sq_1",59.4483001621002,"RMNP","7"
"RMNP_2020_DEM_mosaic_2025-10-22_8.tif","sq_1",129.918642507908,"RMNP","8"
"RMNP_2020_DEM_mosaic_2025-10-22_9.tif","sq_1",132.142112247658,"RMNP","9"
"CPER_2020_DEM_mosaic_2025-10-22_1.tif","sq_1",10.5951026348601,"CPER","1"
"CPER_2020_DEM_mosaic_2025-10-22_2.tif","sq_1",8.1918709815307,"CPER","2"
"CPER_2020_DEM_mosaic_2025-10-22_3.tif","sq_1",7.57107222360034,"CPER","3"
"CPER_2020_DEM_mosaic_2025-10-22_4.tif","sq_1",10.8838796481442,"CPER","4"
"CPER_2020_DEM_mosaic_2025-10-22_5.tif","sq_1",6.17858988538784,"CPER","5"
"CPER_2020_DEM_mosaic_2025-10-22_6.tif","sq_1",9.51233065635578,"CPER","6"
"CPER_2020_DEM_mosaic_2025-10-22_7.tif","sq_1",10.5599260795084,"CPER","7"
"CPER_2020_DEM_mosaic_2025-10-22_8.tif","sq_1",11.204866600076,"CPER","8"
"CPER_2020_DEM_mosaic_2025-10-22_9.tif","sq_1",6.10135006348602,"CPER","9"
"WOOD_2019_DEM_mosaic_2025-10-22_1.tif","sq_1",8.71880964737877,"WOOD","1"
"WOOD_2019_DEM_mosaic_2025-10-22_2.tif","sq_1",7.32455544787108,"WOOD","2"
"WOOD_2019_DEM_mosaic_2025-10-22_3.tif","sq_1",7.44024992314727,"WOOD","3"
"WOOD_2019_DEM_mosaic_2025-10-22_4.tif","sq_1",7.25023844701947,"WOOD","4"
"WOOD_2019_DEM_mosaic_2025-10-22_5.tif","sq_1",8.72001307310481,"WOOD","5"
"WOOD_2019_DEM_mosaic_2025-10-22_6.tif","sq_1",8.48066912083055,"WOOD","6"
"WOOD_2019_DEM_mosaic_2025-10-22_7.tif","sq_1",6.06802734048105,"WOOD","7"
"WOOD_2019_DEM_mosaic_2025-10-22_8.tif","sq_1",6.63754841194711,"WOOD","8"
"WOOD_2019_DEM_mosaic_2025-10-22_9.tif","sq_1",7.14265640904829,"WOOD","9"
"ORNL_2018_DEM_mosaic_2025-10-22_1.tif","s10z_1",323.569000244141,"ORNL","1"
"ORNL_2018_DEM_mosaic_2025-10-22_2.tif","s10z_1",336.841796875,"ORNL","2"
"ORNL_2018_DEM_mosaic_2025-10-22_3.tif","s10z_1",357.792602539062,"ORNL","3"
"ORNL_2018_DEM_mosaic_2025-10-22_4.tif","s10z_1",324.944995117187,"ORNL","4"
"ORNL_2018_DEM_mosaic_2025-10-22_5.tif","s10z_1",362.695599365234,"ORNL","5"
"ORNL_2018_DEM_mosaic_2025-10-22_6.tif","s10z_1",354.909600830078,"ORNL","6"
"ORNL_2018_DEM_mosaic_2025-10-22_7.tif","s10z_1",412.714202880859,"ORNL","7"
"ORNL_2018_DEM_mosaic_2025-10-22_8.tif","s10z_1",340.757391357422,"ORNL","8"
"ORNL_2018_DEM_mosaic_2025-10-22_9.tif","s10z_1",362.794201660156,"ORNL","9"
"RMNP_2020_DEM_mosaic_2025-10-22_1.tif","s10z_1",2850.31000976563,"RMNP","1"
"RMNP_2020_DEM_mosaic_2025-10-22_2.tif","s10z_1",2843.35,"RMNP","2"
"RMNP_2020_DEM_mosaic_2025-10-22_3.tif","s10z_1",3007.96997070312,"RMNP","3"
"RMNP_2020_DEM_mosaic_2025-10-22_4.tif","s10z_1",2681.6419921875,"RMNP","4"
"RMNP_2020_DEM_mosaic_2025-10-22_5.tif","s10z_1",3198.29604492187,"RMNP","5"
"RMNP_2020_DEM_mosaic_2025-10-22_6.tif","s10z_1",3474.4099609375,"RMNP","6"
"RMNP_2020_DEM_mosaic_2025-10-22_7.tif","s10z_1",2801.41396484375,"RMNP","7"
"RMNP_2020_DEM_mosaic_2025-10-22_8.tif","s10z_1",3177.30400390625,"RMNP","8"
"RMNP_2020_DEM_mosaic_2025-10-22_9.tif","s10z_1",3114.60004882813,"RMNP","9"
"CPER_2020_DEM_mosaic_2025-10-22_1.tif","s10z_1",1669.6919921875,"CPER","1"
"CPER_2020_DEM_mosaic_2025-10-22_2.tif","s10z_1",1666.57399902344,"CPER","2"
"CPER_2020_DEM_mosaic_2025-10-22_3.tif","s10z_1",1683.30200195312,"CPER","3"
"CPER_2020_DEM_mosaic_2025-10-22_4.tif","s10z_1",1657.15598144531,"CPER","4"
"CPER_2020_DEM_mosaic_2025-10-22_5.tif","s10z_1",1657.72998046875,"CPER","5"
"CPER_2020_DEM_mosaic_2025-10-22_6.tif","s10z_1",1685.78400878906,"CPER","6"
"CPER_2020_DEM_mosaic_2025-10-22_7.tif","s10z_1",1663.27800292969,"CPER","7"
"CPER_2020_DEM_mosaic_2025-10-22_8.tif","s10z_1",1665.833984375,"CPER","8"
"CPER_2020_DEM_mosaic_2025-10-22_9.tif","s10z_1",1659.33195800781,"CPER","9"
"WOOD_2019_DEM_mosaic_2025-10-22_1.tif","s10z_1",633.256616210938,"WOOD","1"
"WOOD_2019_DEM_mosaic_2025-10-22_2.tif","s10z_1",641.801794433594,"WOOD","2"
"WOOD_2019_DEM_mosaic_2025-10-22_3.tif","s10z_1",636.848596191406,"WOOD","3"
"WOOD_2019_DEM_mosaic_2025-10-22_4.tif","s10z_1",612.826586914063,"WOOD","4"
"WOOD_2019_DEM_mosaic_2025-10-22_5.tif","s10z_1",626.356408691406,"WOOD","5"
"WOOD_2019_DEM_mosaic_2025-10-22_6.tif","s10z_1",626.145593261719,"WOOD","6"
"WOOD_2019_DEM_mosaic_2025-10-22_7.tif","s10z_1",596.007800292969,"WOOD","7"
"WOOD_2019_DEM_mosaic_2025-10-22_8.tif","s10z_1",602.176989746094,"WOOD","8"
"WOOD_2019_DEM_mosaic_2025-10-22_9.tif","s10z_1",598.610400390625,"WOOD","9"
"ORNL_2018_DEM_mosaic_2025-10-22_1.tif","sdq_1",0.223779227885823,"ORNL","1"
"ORNL_2018_DEM_mosaic_2025-10-22_2.tif","sdq_1",0.295143308191377,"ORNL","2"
"ORNL_2018_DEM_mosaic_2025-10-22_3.tif","sdq_1",0.299614616646338,"ORNL","3"
"ORNL_2018_DEM_mosaic_2025-10-22_4.tif","sdq_1",0.279996472592221,"ORNL","4"
"ORNL_2018_DEM_mosaic_2025-10-22_5.tif","sdq_1",0.267439094804597,"ORNL","5"
"ORNL_2018_DEM_mosaic_2025-10-22_6.tif","sdq_1",0.335932291570757,"ORNL","6"
"ORNL_2018_DEM_mosaic_2025-10-22_7.tif","sdq_1",0.324056975568245,"ORNL","7"
"ORNL_2018_DEM_mosaic_2025-10-22_8.tif","sdq_1",0.354358554456996,"ORNL","8"
"ORNL_2018_DEM_mosaic_2025-10-22_9.tif","sdq_1",0.29315534538125,"ORNL","9"
"RMNP_2020_DEM_mosaic_2025-10-22_1.tif","sdq_1",0.261410502717844,"RMNP","1"
"RMNP_2020_DEM_mosaic_2025-10-22_2.tif","sdq_1",0.25466726246336,"RMNP","2"
"RMNP_2020_DEM_mosaic_2025-10-22_3.tif","sdq_1",0.321227775145231,"RMNP","3"
"RMNP_2020_DEM_mosaic_2025-10-22_4.tif","sdq_1",0.313571018549693,"RMNP","4"
"RMNP_2020_DEM_mosaic_2025-10-22_5.tif","sdq_1",0.498307274276043,"RMNP","5"
"RMNP_2020_DEM_mosaic_2025-10-22_6.tif","sdq_1",0.629175538941378,"RMNP","6"
"RMNP_2020_DEM_mosaic_2025-10-22_7.tif","sdq_1",0.350645917143581,"RMNP","7"
"RMNP_2020_DEM_mosaic_2025-10-22_8.tif","sdq_1",0.483507918254344,"RMNP","8"
"RMNP_2020_DEM_mosaic_2025-10-22_9.tif","sdq_1",0.501381163644219,"RMNP","9"
"CPER_2020_DEM_mosaic_2025-10-22_1.tif","sdq_1",0.0699686572528599,"CPER","1"
"CPER_2020_DEM_mosaic_2025-10-22_2.tif","sdq_1",0.0745653642796179,"CPER","2"
"CPER_2020_DEM_mosaic_2025-10-22_3.tif","sdq_1",0.0814623026114957,"CPER","3"
"CPER_2020_DEM_mosaic_2025-10-22_4.tif","sdq_1",0.067419738263246,"CPER","4"
"CPER_2020_DEM_mosaic_2025-10-22_5.tif","sdq_1",0.0636152120137544,"CPER","5"
"CPER_2020_DEM_mosaic_2025-10-22_6.tif","sdq_1",0.0735546869604256,"CPER","6"
"CPER_2020_DEM_mosaic_2025-10-22_7.tif","sdq_1",0.0729066547820821,"CPER","7"
"CPER_2020_DEM_mosaic_2025-10-22_8.tif","sdq_1",0.0644078568866081,"CPER","8"
"CPER_2020_DEM_mosaic_2025-10-22_9.tif","sdq_1",0.101285862504202,"CPER","9"
"WOOD_2019_DEM_mosaic_2025-10-22_1.tif","sdq_1",0.130890745409534,"WOOD","1"
"WOOD_2019_DEM_mosaic_2025-10-22_2.tif","sdq_1",0.14422061711618,"WOOD","2"
"WOOD_2019_DEM_mosaic_2025-10-22_3.tif","sdq_1",0.147392754456534,"WOOD","3"
"WOOD_2019_DEM_mosaic_2025-10-22_4.tif","sdq_1",0.122685145140808,"WOOD","4"
"WOOD_2019_DEM_mosaic_2025-10-22_5.tif","sdq_1",0.129687569377982,"WOOD","5"
"WOOD_2019_DEM_mosaic_2025-10-22_6.tif","sdq_1",0.142530213462707,"WOOD","6"
"WOOD_2019_DEM_mosaic_2025-10-22_7.tif","sdq_1",0.128924779488896,"WOOD","7"
"WOOD_2019_DEM_mosaic_2025-10-22_8.tif","sdq_1",0.11985332603071,"WOOD","8"
"WOOD_2019_DEM_mosaic_2025-10-22_9.tif","sdq_1",0.13576506719816,"WOOD","9"
"ORNL_2018_DEM_mosaic_2025-10-22_1.tif","sdq6_1",231572.317632872,"ORNL","1"
"ORNL_2018_DEM_mosaic_2025-10-22_2.tif","sdq6_1",230759.720887791,"ORNL","2"
"ORNL_2018_DEM_mosaic_2025-10-22_3.tif","sdq6_1",227225.052124798,"ORNL","3"
"ORNL_2018_DEM_mosaic_2025-10-22_4.tif","sdq6_1",222452.942179302,"ORNL","4"
"ORNL_2018_DEM_mosaic_2025-10-22_5.tif","sdq6_1",246288.644170031,"ORNL","5"
"ORNL_2018_DEM_mosaic_2025-10-22_6.tif","sdq6_1",243560.467101978,"ORNL","6"
"ORNL_2018_DEM_mosaic_2025-10-22_7.tif","sdq6_1",234662.393595578,"ORNL","7"
"ORNL_2018_DEM_mosaic_2025-10-22_8.tif","sdq6_1",234842.046581232,"ORNL","8"
"ORNL_2018_DEM_mosaic_2025-10-22_9.tif","sdq6_1",252603.854825325,"ORNL","9"
"RMNP_2020_DEM_mosaic_2025-10-22_1.tif","sdq6_1",2266174.81113708,"RMNP","1"
"RMNP_2020_DEM_mosaic_2025-10-22_2.tif","sdq6_1",2300477.05758717,"RMNP","2"
"RMNP_2020_DEM_mosaic_2025-10-22_3.tif","sdq6_1",2352086.87803851,"RMNP","3"
"RMNP_2020_DEM_mosaic_2025-10-22_4.tif","sdq6_1",2182619.55082795,"RMNP","4"
"RMNP_2020_DEM_mosaic_2025-10-22_5.tif","sdq6_1",2368475.41985031,"RMNP","5"
"RMNP_2020_DEM_mosaic_2025-10-22_6.tif","sdq6_1",2670170.22214771,"RMNP","6"
"RMNP_2020_DEM_mosaic_2025-10-22_7.tif","sdq6_1",2235515.64062853,"RMNP","7"
"RMNP_2020_DEM_mosaic_2025-10-22_8.tif","sdq6_1",2415207.61394385,"RMNP","8"
"RMNP_2020_DEM_mosaic_2025-10-22_9.tif","sdq6_1",2356811.01120112,"RMNP","9"
"CPER_2020_DEM_mosaic_2025-10-22_1.tif","sdq6_1",1392849.60385874,"CPER","1"
"CPER_2020_DEM_mosaic_2025-10-22_2.tif","sdq6_1",1396263.12861177,"CPER","2"
"CPER_2020_DEM_mosaic_2025-10-22_3.tif","sdq6_1",1406757.03687652,"CPER","3"
"CPER_2020_DEM_mosaic_2025-10-22_4.tif","sdq6_1",1385722.49882121,"CPER","4"
"CPER_2020_DEM_mosaic_2025-10-22_5.tif","sdq6_1",1392808.90499837,"CPER","5"
"CPER_2020_DEM_mosaic_2025-10-22_6.tif","sdq6_1",1399049.16122965,"CPER","6"
"CPER_2020_DEM_mosaic_2025-10-22_7.tif","sdq6_1",1385400.60633993,"CPER","7"
"CPER_2020_DEM_mosaic_2025-10-22_8.tif","sdq6_1",1390033.5594028,"CPER","8"
"CPER_2020_DEM_mosaic_2025-10-22_9.tif","sdq6_1",1385134.10827939,"CPER","9"
"WOOD_2019_DEM_mosaic_2025-10-22_1.tif","sdq6_1",514693.20692036,"WOOD","1"
"WOOD_2019_DEM_mosaic_2025-10-22_2.tif","sdq6_1",522871.450999881,"WOOD","2"
"WOOD_2019_DEM_mosaic_2025-10-22_3.tif","sdq6_1",517078.674872738,"WOOD","3"
"WOOD_2019_DEM_mosaic_2025-10-22_4.tif","sdq6_1",499905.119495905,"WOOD","4"
"WOOD_2019_DEM_mosaic_2025-10-22_5.tif","sdq6_1",507466.421151668,"WOOD","5"
"WOOD_2019_DEM_mosaic_2025-10-22_6.tif","sdq6_1",508161.065428806,"WOOD","6"
"WOOD_2019_DEM_mosaic_2025-10-22_7.tif","sdq6_1",488660.232621845,"WOOD","7"
"WOOD_2019_DEM_mosaic_2025-10-22_8.tif","sdq6_1",494101.857568745,"WOOD","8"
"WOOD_2019_DEM_mosaic_2025-10-22_9.tif","sdq6_1",492424.83403974,"WOOD","9"
"ORNL_2018_DEM_mosaic_2025-10-22_1.tif","sdr_1",0.000293877017726688,"ORNL","1"
"ORNL_2018_DEM_mosaic_2025-10-22_2.tif","sdr_1",0.000393720181507413,"ORNL","2"
"ORNL_2018_DEM_mosaic_2025-10-22_3.tif","sdr_1",0.000260253542372502,"ORNL","3"
"ORNL_2018_DEM_mosaic_2025-10-22_4.tif","sdr_1",0.000410890130904635,"ORNL","4"
"ORNL_2018_DEM_mosaic_2025-10-22_5.tif","sdr_1",0.000247024935968284,"ORNL","5"
"ORNL_2018_DEM_mosaic_2025-10-22_6.tif","sdr_1",0.000504721163189802,"ORNL","6"
"ORNL_2018_DEM_mosaic_2025-10-22_7.tif","sdr_1",0.000152896292124225,"ORNL","7"
"ORNL_2018_DEM_mosaic_2025-10-22_8.tif","sdr_1",0.000574322108633416,"ORNL","8"
"ORNL_2018_DEM_mosaic_2025-10-22_9.tif","sdr_1",0.000380074182824171,"ORNL","9"
"RMNP_2020_DEM_mosaic_2025-10-22_1.tif","sdr_1",3.23921665351584e-05,"RMNP","1"
"RMNP_2020_DEM_mosaic_2025-10-22_2.tif","sdr_1",6.4369123956758e-05,"RMNP","2"
"RMNP_2020_DEM_mosaic_2025-10-22_3.tif","sdr_1",4.46193575327521e-05,"RMNP","3"
"RMNP_2020_DEM_mosaic_2025-10-22_4.tif","sdr_1",0.000137941175005914,"RMNP","4"
"RMNP_2020_DEM_mosaic_2025-10-22_5.tif","sdr_1",2.96325468462652e-05,"RMNP","5"
"RMNP_2020_DEM_mosaic_2025-10-22_6.tif","sdr_1",3.7790574087408e-05,"RMNP","6"
"RMNP_2020_DEM_mosaic_2025-10-22_7.tif","sdr_1",6.32278079462669e-05,"RMNP","7"
"RMNP_2020_DEM_mosaic_2025-10-22_8.tif","sdr_1",3.63733249799524e-05,"RMNP","8"
"RMNP_2020_DEM_mosaic_2025-10-22_9.tif","sdr_1",3.70325845144552e-05,"RMNP","9"
"CPER_2020_DEM_mosaic_2025-10-22_1.tif","sdr_1",9.9050386801228e-05,"CPER","1"
"CPER_2020_DEM_mosaic_2025-10-22_2.tif","sdr_1",0.0001472454000437,"CPER","2"
"CPER_2020_DEM_mosaic_2025-10-22_3.tif","sdr_1",0.000240932851451877,"CPER","3"
"CPER_2020_DEM_mosaic_2025-10-22_4.tif","sdr_1",0.00011965512090884,"CPER","4"
"CPER_2020_DEM_mosaic_2025-10-22_5.tif","sdr_1",0.000207603899132066,"CPER","5"
"CPER_2020_DEM_mosaic_2025-10-22_6.tif","sdr_1",9.1980381989697e-05,"CPER","6"
"CPER_2020_DEM_mosaic_2025-10-22_7.tif","sdr_1",9.68761495137472e-05,"CPER","7"
"CPER_2020_DEM_mosaic_2025-10-22_8.tif","sdr_1",0.000101652802471839,"CPER","8"
"CPER_2020_DEM_mosaic_2025-10-22_9.tif","sdr_1",0.00035875863459394,"CPER","9"
"WOOD_2019_DEM_mosaic_2025-10-22_1.tif","sdr_1",0.000447071568685825,"WOOD","1"
"WOOD_2019_DEM_mosaic_2025-10-22_2.tif","sdr_1",0.00059333852260785,"WOOD","2"
"WOOD_2019_DEM_mosaic_2025-10-22_3.tif","sdr_1",0.000483770606093389,"WOOD","3"
"WOOD_2019_DEM_mosaic_2025-10-22_4.tif","sdr_1",0.000483797393450342,"WOOD","4"
"WOOD_2019_DEM_mosaic_2025-10-22_5.tif","sdr_1",0.000429296331864834,"WOOD","5"
"WOOD_2019_DEM_mosaic_2025-10-22_6.tif","sdr_1",0.000504436412432659,"WOOD","6"
"WOOD_2019_DEM_mosaic_2025-10-22_7.tif","sdr_1",0.000643045740984905,"WOOD","7"
"WOOD_2019_DEM_mosaic_2025-10-22_8.tif","sdr_1",0.000505865919184793,"WOOD","8"
"WOOD_2019_DEM_mosaic_2025-10-22_9.tif","sdr_1",0.000914698782121894,"WOOD","9"
"ORNL_2018_DEM_mosaic_2025-10-22_1.tif","sbi_1",0.064810944947316,"ORNL","1"
"ORNL_2018_DEM_mosaic_2025-10-22_2.tif","sbi_1",0.0732423297071303,"ORNL","2"
"ORNL_2018_DEM_mosaic_2025-10-22_3.tif","sbi_1",0.0772127363566626,"ORNL","3"
"ORNL_2018_DEM_mosaic_2025-10-22_4.tif","sbi_1",0.0609143273819516,"ORNL","4"
"ORNL_2018_DEM_mosaic_2025-10-22_5.tif","sbi_1",0.0818801601804541,"ORNL","5"
"ORNL_2018_DEM_mosaic_2025-10-22_6.tif","sbi_1",0.0634513398509071,"ORNL","6"
"ORNL_2018_DEM_mosaic_2025-10-22_7.tif","sbi_1",0.11715272994699,"ORNL","7"
"ORNL_2018_DEM_mosaic_2025-10-22_8.tif","sbi_1",0.0739400629731058,"ORNL","8"
"ORNL_2018_DEM_mosaic_2025-10-22_9.tif","sbi_1",0.0663264954559502,"ORNL","9"
"RMNP_2020_DEM_mosaic_2025-10-22_1.tif","sbi_1",0.018734358121463,"RMNP","1"
"RMNP_2020_DEM_mosaic_2025-10-22_2.tif","sbi_1",0.0170362713936242,"RMNP","2"
"RMNP_2020_DEM_mosaic_2025-10-22_3.tif","sbi_1",0.0224429586313085,"RMNP","3"
"RMNP_2020_DEM_mosaic_2025-10-22_4.tif","sbi_1",0.0142391297542503,"RMNP","4"
"RMNP_2020_DEM_mosaic_2025-10-22_5.tif","sbi_1",0.049230138970996,"RMNP","5"
"RMNP_2020_DEM_mosaic_2025-10-22_6.tif","sbi_1",0.0464363101826776,"RMNP","6"
"RMNP_2020_DEM_mosaic_2025-10-22_7.tif","sbi_1",0.0217853499581751,"RMNP","7"
"RMNP_2020_DEM_mosaic_2025-10-22_8.tif","sbi_1",0.0416785298704782,"RMNP","8"
"RMNP_2020_DEM_mosaic_2025-10-22_9.tif","sbi_1",0.0435786098851729,"RMNP","9"
"CPER_2020_DEM_mosaic_2025-10-22_1.tif","sbi_1",0.00637126969900312,"CPER","1"
"CPER_2020_DEM_mosaic_2025-10-22_2.tif","sbi_1",0.00492593005058653,"CPER","2"
"CPER_2020_DEM_mosaic_2025-10-22_3.tif","sbi_1",0.00451599894041178,"CPER","3"
"CPER_2020_DEM_mosaic_2025-10-22_4.tif","sbi_1",0.00658292545973943,"CPER","4"
"CPER_2020_DEM_mosaic_2025-10-22_5.tif","sbi_1",0.0037343473832346,"CPER","5"
"CPER_2020_DEM_mosaic_2025-10-22_6.tif","sbi_1",0.00569880441310563,"CPER","6"
"CPER_2020_DEM_mosaic_2025-10-22_7.tif","sbi_1",0.00638474768374576,"CPER","7"
"CPER_2020_DEM_mosaic_2025-10-22_8.tif","sbi_1",0.0067593259271216,"CPER","8"
"CPER_2020_DEM_mosaic_2025-10-22_9.tif","sbi_1",0.0036990210337399,"CPER","9"
"WOOD_2019_DEM_mosaic_2025-10-22_1.tif","sbi_1",0.0139677283287852,"WOOD","1"
"WOOD_2019_DEM_mosaic_2025-10-22_2.tif","sbi_1",0.0115873781843954,"WOOD","2"
"WOOD_2019_DEM_mosaic_2025-10-22_3.tif","sbi_1",0.0119231334017721,"WOOD","3"
"WOOD_2019_DEM_mosaic_2025-10-22_4.tif","sbi_1",0.0120152636406058,"WOOD","4"
"WOOD_2019_DEM_mosaic_2025-10-22_5.tif","sbi_1",0.0141050775376388,"WOOD","5"
"WOOD_2019_DEM_mosaic_2025-10-22_6.tif","sbi_1",0.0138052619072526,"WOOD","6"
"WOOD_2019_DEM_mosaic_2025-10-22_7.tif","sbi_1",0.0103357525582129,"WOOD","7"
"WOOD_2019_DEM_mosaic_2025-10-22_8.tif","sbi_1",0.0111793495291797,"WOOD","8"
"WOOD_2019_DEM_mosaic_2025-10-22_9.tif","sbi_1",0.0120562564124755,"WOOD","9"
"ORNL_2018_DEM_mosaic_2025-10-22_1.tif","sci_1",-139.952688394654,"ORNL","1"
"ORNL_2018_DEM_mosaic_2025-10-22_2.tif","sci_1",-132.660991739697,"ORNL","2"
"ORNL_2018_DEM_mosaic_2025-10-22_3.tif","sci_1",-120.8683578823,"ORNL","3"
"ORNL_2018_DEM_mosaic_2025-10-22_4.tif","sci_1",-136.357263553038,"ORNL","4"
"ORNL_2018_DEM_mosaic_2025-10-22_5.tif","sci_1",-140.23618983444,"ORNL","5"
"ORNL_2018_DEM_mosaic_2025-10-22_6.tif","sci_1",-147.847311687071,"ORNL","6"
"ORNL_2018_DEM_mosaic_2025-10-22_7.tif","sci_1",-70.1960346462091,"ORNL","7"
"ORNL_2018_DEM_mosaic_2025-10-22_8.tif","sci_1",-133.304055304558,"ORNL","8"
"ORNL_2018_DEM_mosaic_2025-10-22_9.tif","sci_1",-157.666131790611,"ORNL","9"
"RMNP_2020_DEM_mosaic_2025-10-22_1.tif","sci_1",-1852.19427660796,"RMNP","1"
"RMNP_2020_DEM_mosaic_2025-10-22_2.tif","sci_1",-1882.1130305744,"RMNP","2"
"RMNP_2020_DEM_mosaic_2025-10-22_3.tif","sci_1",-1855.56031711527,"RMNP","3"
"RMNP_2020_DEM_mosaic_2025-10-22_4.tif","sci_1",-1803.4976414892,"RMNP","4"
"RMNP_2020_DEM_mosaic_2025-10-22_5.tif","sci_1",-1621.53872581199,"RMNP","5"
"RMNP_2020_DEM_mosaic_2025-10-22_6.tif","sci_1",-1842.78052508776,"RMNP","6"
"RMNP_2020_DEM_mosaic_2025-10-22_7.tif","sci_1",-1784.86752066853,"RMNP","7"
"RMNP_2020_DEM_mosaic_2025-10-22_8.tif","sci_1",-1697.75185966203,"RMNP","8"
"RMNP_2020_DEM_mosaic_2025-10-22_9.tif","sci_1",-1676.13878148138,"RMNP","9"
"CPER_2020_DEM_mosaic_2025-10-22_1.tif","sci_1",-1199.33880233428,"CPER","1"
"CPER_2020_DEM_mosaic_2025-10-22_2.tif","sci_1",-1207.85572691396,"CPER","2"
"CPER_2020_DEM_mosaic_2025-10-22_3.tif","sci_1",-1220.37871242636,"CPER","3"
"CPER_2020_DEM_mosaic_2025-10-22_4.tif","sci_1",-1194.9568194083,"CPER","4"
"CPER_2020_DEM_mosaic_2025-10-22_5.tif","sci_1",-1211.68657961811,"CPER","5"
"CPER_2020_DEM_mosaic_2025-10-22_6.tif","sci_1",-1207.51032206826,"CPER","6"
"CPER_2020_DEM_mosaic_2025-10-22_7.tif","sci_1",-1191.67322024333,"CPER","7"
"CPER_2020_DEM_mosaic_2025-10-22_8.tif","sci_1",-1200.24596988118,"CPER","8"
"CPER_2020_DEM_mosaic_2025-10-22_9.tif","sci_1",-1203.22470270589,"CPER","9"
"WOOD_2019_DEM_mosaic_2025-10-22_1.tif","sci_1",-426.614960953827,"WOOD","1"
"WOOD_2019_DEM_mosaic_2025-10-22_2.tif","sci_1",-435.663875696431,"WOOD","2"
"WOOD_2019_DEM_mosaic_2025-10-22_3.tif","sci_1",-429.492375342275,"WOOD","3"
"WOOD_2019_DEM_mosaic_2025-10-22_4.tif","sci_1",-417.784820380928,"WOOD","4"
"WOOD_2019_DEM_mosaic_2025-10-22_5.tif","sci_1",-418.174537847002,"WOOD","5"
"WOOD_2019_DEM_mosaic_2025-10-22_6.tif","sci_1",-423.928132060024,"WOOD","6"
"WOOD_2019_DEM_mosaic_2025-10-22_7.tif","sci_1",-410.992093348081,"WOOD","7"
"WOOD_2019_DEM_mosaic_2025-10-22_8.tif","sci_1",-414.312116850504,"WOOD","8"
"WOOD_2019_DEM_mosaic_2025-10-22_9.tif","sci_1",-414.881246185521,"WOOD","9"
"ORNL_2018_DEM_mosaic_2025-10-22_1.tif","ssk_1",0.294369299373991,"ORNL","1"
"ORNL_2018_DEM_mosaic_2025-10-22_2.tif","ssk_1",0.482517221364993,"ORNL","2"
"ORNL_2018_DEM_mosaic_2025-10-22_3.tif","ssk_1",1.11230241655237,"ORNL","3"
"ORNL_2018_DEM_mosaic_2025-10-22_4.tif","ssk_1",0.702572611926815,"ORNL","4"
"ORNL_2018_DEM_mosaic_2025-10-22_5.tif","ssk_1",0.119645205857572,"ORNL","5"
"ORNL_2018_DEM_mosaic_2025-10-22_6.tif","ssk_1",0.627634733062904,"ORNL","6"
"ORNL_2018_DEM_mosaic_2025-10-22_7.tif","ssk_1",1.4444173307064,"ORNL","7"
"ORNL_2018_DEM_mosaic_2025-10-22_8.tif","ssk_1",0.574342133260266,"ORNL","8"
"ORNL_2018_DEM_mosaic_2025-10-22_9.tif","ssk_1",0.196759762433958,"ORNL","9"
"RMNP_2020_DEM_mosaic_2025-10-22_1.tif","ssk_1",0.649353471455532,"RMNP","1"
"RMNP_2020_DEM_mosaic_2025-10-22_2.tif","ssk_1",0.270520849572023,"RMNP","2"
"RMNP_2020_DEM_mosaic_2025-10-22_3.tif","ssk_1",1.36518315078107,"RMNP","3"
"RMNP_2020_DEM_mosaic_2025-10-22_4.tif","ssk_1",0.23031050907161,"RMNP","4"
"RMNP_2020_DEM_mosaic_2025-10-22_5.tif","ssk_1",0.740434152340633,"RMNP","5"
"RMNP_2020_DEM_mosaic_2025-10-22_6.tif","ssk_1",-0.309648000650482,"RMNP","6"
"RMNP_2020_DEM_mosaic_2025-10-22_7.tif","ssk_1",-0.301635222510242,"RMNP","7"
"RMNP_2020_DEM_mosaic_2025-10-22_8.tif","ssk_1",0.639062797066803,"RMNP","8"
"RMNP_2020_DEM_mosaic_2025-10-22_9.tif","ssk_1",0.566106666321964,"RMNP","9"
"CPER_2020_DEM_mosaic_2025-10-22_1.tif","ssk_1",-0.204948884292598,"CPER","1"
"CPER_2020_DEM_mosaic_2025-10-22_2.tif","ssk_1",-0.20031468733932,"CPER","2"
"CPER_2020_DEM_mosaic_2025-10-22_3.tif","ssk_1",0.323245741356966,"CPER","3"
"CPER_2020_DEM_mosaic_2025-10-22_4.tif","ssk_1",-0.351400798765455,"CPER","4"
"CPER_2020_DEM_mosaic_2025-10-22_5.tif","ssk_1",-0.720258566934179,"CPER","5"
"CPER_2020_DEM_mosaic_2025-10-22_6.tif","ssk_1",0.216817339005752,"CPER","6"
"CPER_2020_DEM_mosaic_2025-10-22_7.tif","ssk_1",-0.204634336278809,"CPER","7"
"CPER_2020_DEM_mosaic_2025-10-22_8.tif","ssk_1",-0.194235841994723,"CPER","8"
"CPER_2020_DEM_mosaic_2025-10-22_9.tif","ssk_1",0.976578784026725,"CPER","9"
"WOOD_2019_DEM_mosaic_2025-10-22_1.tif","ssk_1",0.155301427939715,"WOOD","1"
"WOOD_2019_DEM_mosaic_2025-10-22_2.tif","ssk_1",0.574963572927371,"WOOD","2"
"WOOD_2019_DEM_mosaic_2025-10-22_3.tif","ssk_1",0.138237705343742,"WOOD","3"
"WOOD_2019_DEM_mosaic_2025-10-22_4.tif","ssk_1",0.279053665244129,"WOOD","4"
"WOOD_2019_DEM_mosaic_2025-10-22_5.tif","ssk_1",0.769111969147157,"WOOD","5"
"WOOD_2019_DEM_mosaic_2025-10-22_6.tif","ssk_1",0.364431417632737,"WOOD","6"
"WOOD_2019_DEM_mosaic_2025-10-22_7.tif","ssk_1",-0.257885077589535,"WOOD","7"
"WOOD_2019_DEM_mosaic_2025-10-22_8.tif","ssk_1",-0.545027201177452,"WOOD","8"
"WOOD_2019_DEM_mosaic_2025-10-22_9.tif","ssk_1",-0.108741339155414,"WOOD","9"
"ORNL_2018_DEM_mosaic_2025-10-22_1.tif","sku_1",-0.549699903604661,"ORNL","1"
"ORNL_2018_DEM_mosaic_2025-10-22_2.tif","sku_1",-0.510102026406732,"ORNL","2"
"ORNL_2018_DEM_mosaic_2025-10-22_3.tif","sku_1",0.742673931429593,"ORNL","3"
"ORNL_2018_DEM_mosaic_2025-10-22_4.tif","sku_1",-0.344921612016144,"ORNL","4"
"ORNL_2018_DEM_mosaic_2025-10-22_5.tif","sku_1",-0.949335064313097,"ORNL","5"
"ORNL_2018_DEM_mosaic_2025-10-22_6.tif","sku_1",-0.220686472144133,"ORNL","6"
"ORNL_2018_DEM_mosaic_2025-10-22_7.tif","sku_1",0.904939134047788,"ORNL","7"
"ORNL_2018_DEM_mosaic_2025-10-22_8.tif","sku_1",-0.527122453509895,"ORNL","8"
"ORNL_2018_DEM_mosaic_2025-10-22_9.tif","sku_1",-1.05306068707584,"ORNL","9"
"RMNP_2020_DEM_mosaic_2025-10-22_1.tif","sku_1",0.242548503951423,"RMNP","1"
"RMNP_2020_DEM_mosaic_2025-10-22_2.tif","sku_1",-0.817655601248112,"RMNP","2"
"RMNP_2020_DEM_mosaic_2025-10-22_3.tif","sku_1",1.29925646605816,"RMNP","3"
"RMNP_2020_DEM_mosaic_2025-10-22_4.tif","sku_1",-0.487307835111884,"RMNP","4"
"RMNP_2020_DEM_mosaic_2025-10-22_5.tif","sku_1",-0.519631694264493,"RMNP","5"
"RMNP_2020_DEM_mosaic_2025-10-22_6.tif","sku_1",-0.632395205282256,"RMNP","6"
"RMNP_2020_DEM_mosaic_2025-10-22_7.tif","sku_1",-0.359774746979045,"RMNP","7"
"RMNP_2020_DEM_mosaic_2025-10-22_8.tif","sku_1",-0.302824983660765,"RMNP","8"
"RMNP_2020_DEM_mosaic_2025-10-22_9.tif","sku_1",-0.577402826237884,"RMNP","9"
"CPER_2020_DEM_mosaic_2025-10-22_1.tif","sku_1",-0.741105522470815,"CPER","1"
"CPER_2020_DEM_mosaic_2025-10-22_2.tif","sku_1",-0.618562616797439,"CPER","2"
"CPER_2020_DEM_mosaic_2025-10-22_3.tif","sku_1",-0.500173897579042,"CPER","3"
"CPER_2020_DEM_mosaic_2025-10-22_4.tif","sku_1",-1.00805273505877,"CPER","4"
"CPER_2020_DEM_mosaic_2025-10-22_5.tif","sku_1",-0.136371304408269,"CPER","5"
"CPER_2020_DEM_mosaic_2025-10-22_6.tif","sku_1",-0.538191081398798,"CPER","6"
"CPER_2020_DEM_mosaic_2025-10-22_7.tif","sku_1",-0.605419246946013,"CPER","7"
"CPER_2020_DEM_mosaic_2025-10-22_8.tif","sku_1",-1.34759959541094,"CPER","8"
"CPER_2020_DEM_mosaic_2025-10-22_9.tif","sku_1",1.87952693508368,"CPER","9"
"WOOD_2019_DEM_mosaic_2025-10-22_1.tif","sku_1",-0.480547528138738,"WOOD","1"
"WOOD_2019_DEM_mosaic_2025-10-22_2.tif","sku_1",-0.0731216663359682,"WOOD","2"
"WOOD_2019_DEM_mosaic_2025-10-22_3.tif","sku_1",-0.360345786195103,"WOOD","3"
"WOOD_2019_DEM_mosaic_2025-10-22_4.tif","sku_1",-0.0603679565088271,"WOOD","4"
"WOOD_2019_DEM_mosaic_2025-10-22_5.tif","sku_1",0.163020400125505,"WOOD","5"
"WOOD_2019_DEM_mosaic_2025-10-22_6.tif","sku_1",-0.43345348213896,"WOOD","6"
"WOOD_2019_DEM_mosaic_2025-10-22_7.tif","sku_1",-0.569294972987899,"WOOD","7"
"WOOD_2019_DEM_mosaic_2025-10-22_8.tif","sku_1",-0.209752973005846,"WOOD","8"
"WOOD_2019_DEM_mosaic_2025-10-22_9.tif","sku_1",-1.20142345458619,"WOOD","9"
"ORNL_2018_DEM_mosaic_2025-10-22_1.tif","sds_1",0.01278478158539,"ORNL","1"
"ORNL_2018_DEM_mosaic_2025-10-22_2.tif","sds_1",0.0151431393535687,"ORNL","2"
"ORNL_2018_DEM_mosaic_2025-10-22_3.tif","sds_1",0.0122722692011338,"ORNL","3"
"ORNL_2018_DEM_mosaic_2025-10-22_4.tif","sds_1",0.013543039653894,"ORNL","4"
"ORNL_2018_DEM_mosaic_2025-10-22_5.tif","sds_1",0.0115035006247496,"ORNL","5"
"ORNL_2018_DEM_mosaic_2025-10-22_6.tif","sds_1",0.00871371153310522,"ORNL","6"
"ORNL_2018_DEM_mosaic_2025-10-22_7.tif","sds_1",0.0107027000243493,"ORNL","7"
"ORNL_2018_DEM_mosaic_2025-10-22_8.tif","sds_1",0.0127905373397054,"ORNL","8"
"ORNL_2018_DEM_mosaic_2025-10-22_9.tif","sds_1",0.0113551022634879,"ORNL","9"
"RMNP_2020_DEM_mosaic_2025-10-22_1.tif","sds_1",0.0170067525008127,"RMNP","1"
"RMNP_2020_DEM_mosaic_2025-10-22_2.tif","sds_1",0.0185745699262838,"RMNP","2"
"RMNP_2020_DEM_mosaic_2025-10-22_3.tif","sds_1",0.0135758224284729,"RMNP","3"
"RMNP_2020_DEM_mosaic_2025-10-22_4.tif","sds_1",0.0113811282830009,"RMNP","4"
"RMNP_2020_DEM_mosaic_2025-10-22_5.tif","sds_1",0.00285960889399177,"RMNP","5"
"RMNP_2020_DEM_mosaic_2025-10-22_6.tif","sds_1",0.000931431198340541,"RMNP","6"
"RMNP_2020_DEM_mosaic_2025-10-22_7.tif","sds_1",0.00899624399493393,"RMNP","7"
"RMNP_2020_DEM_mosaic_2025-10-22_8.tif","sds_1",0.00406080979459214,"RMNP","8"
"RMNP_2020_DEM_mosaic_2025-10-22_9.tif","sds_1",0.00328653571408015,"RMNP","9"
"CPER_2020_DEM_mosaic_2025-10-22_1.tif","sds_1",0.00663513347469132,"CPER","1"
"CPER_2020_DEM_mosaic_2025-10-22_2.tif","sds_1",0.00702076901382157,"CPER","2"
"CPER_2020_DEM_mosaic_2025-10-22_3.tif","sds_1",0.0104732206022971,"CPER","3"
"CPER_2020_DEM_mosaic_2025-10-22_4.tif","sds_1",0.00845370158816277,"CPER","4"
"CPER_2020_DEM_mosaic_2025-10-22_5.tif","sds_1",0.0177084540269134,"CPER","5"
"CPER_2020_DEM_mosaic_2025-10-22_6.tif","sds_1",0.0132930397164565,"CPER","6"
"CPER_2020_DEM_mosaic_2025-10-22_7.tif","sds_1",0.00442467356739901,"CPER","7"
"CPER_2020_DEM_mosaic_2025-10-22_8.tif","sds_1",0.0105995969470478,"CPER","8"
"CPER_2020_DEM_mosaic_2025-10-22_9.tif","sds_1",0.0449579467072205,"CPER","9"
"WOOD_2019_DEM_mosaic_2025-10-22_1.tif","sds_1",0.0463818702748072,"WOOD","1"
"WOOD_2019_DEM_mosaic_2025-10-22_2.tif","sds_1",0.0485542921535805,"WOOD","2"
"WOOD_2019_DEM_mosaic_2025-10-22_3.tif","sds_1",0.0475925806825374,"WOOD","3"
"WOOD_2019_DEM_mosaic_2025-10-22_4.tif","sds_1",0.0505572946553317,"WOOD","4"
"WOOD_2019_DEM_mosaic_2025-10-22_5.tif","sds_1",0.0539324189358311,"WOOD","5"
"WOOD_2019_DEM_mosaic_2025-10-22_6.tif","sds_1",0.0474624505849723,"WOOD","6"
"WOOD_2019_DEM_mosaic_2025-10-22_7.tif","sds_1",0.0396286187115569,"WOOD","7"
"WOOD_2019_DEM_mosaic_2025-10-22_8.tif","sds_1",0.0470312695116943,"WOOD","8"
"WOOD_2019_DEM_mosaic_2025-10-22_9.tif","sds_1",0.0414251648085173,"WOOD","9"
"ORNL_2018_DEM_mosaic_2025-10-22_1.tif","sfd_1",2.00000019924638,"ORNL","1"
"ORNL_2018_DEM_mosaic_2025-10-22_2.tif","sfd_1",2.00000029737898,"ORNL","2"
"ORNL_2018_DEM_mosaic_2025-10-22_3.tif","sfd_1",2.0000001488065,"ORNL","3"
"ORNL_2018_DEM_mosaic_2025-10-22_4.tif","sfd_1",2.00000034800418,"ORNL","4"
"ORNL_2018_DEM_mosaic_2025-10-22_5.tif","sfd_1",2.00000021163406,"ORNL","5"
"ORNL_2018_DEM_mosaic_2025-10-22_6.tif","sfd_1",2.00000053358936,"ORNL","6"
"ORNL_2018_DEM_mosaic_2025-10-22_7.tif","sfd_1",2.00000007919913,"ORNL","7"
"ORNL_2018_DEM_mosaic_2025-10-22_8.tif","sfd_1",2.00000029910092,"ORNL","8"
"ORNL_2018_DEM_mosaic_2025-10-22_9.tif","sfd_1",2.00000028626693,"ORNL","9"
"RMNP_2020_DEM_mosaic_2025-10-22_1.tif","sfd_1",2.0000000160721,"RMNP","1"
"RMNP_2020_DEM_mosaic_2025-10-22_2.tif","sfd_1",2.00000002469485,"RMNP","2"
"RMNP_2020_DEM_mosaic_2025-10-22_3.tif","sfd_1",2.00000001170494,"RMNP","3"
"RMNP_2020_DEM_mosaic_2025-10-22_4.tif","sfd_1",2.00000007369764,"RMNP","4"
"RMNP_2020_DEM_mosaic_2025-10-22_5.tif","sfd_1",2.00000001207169,"RMNP","5"
"RMNP_2020_DEM_mosaic_2025-10-22_6.tif","sfd_1",2.00000002443676,"RMNP","6"
"RMNP_2020_DEM_mosaic_2025-10-22_7.tif","sfd_1",2.00000002566444,"RMNP","7"
"RMNP_2020_DEM_mosaic_2025-10-22_8.tif","sfd_1",2.0000000148688,"RMNP","8"
"RMNP_2020_DEM_mosaic_2025-10-22_9.tif","sfd_1",2.00000001464074,"RMNP","9"
"CPER_2020_DEM_mosaic_2025-10-22_1.tif","sfd_1",2.00000005025199,"CPER","1"
"CPER_2020_DEM_mosaic_2025-10-22_2.tif","sfd_1",2.00000010367842,"CPER","2"
"CPER_2020_DEM_mosaic_2025-10-22_3.tif","sfd_1",2.00000012780629,"CPER","3"
"CPER_2020_DEM_mosaic_2025-10-22_4.tif","sfd_1",2.0000000530313,"CPER","4"
"CPER_2020_DEM_mosaic_2025-10-22_5.tif","sfd_1",2.00000009257579,"CPER","5"
"CPER_2020_DEM_mosaic_2025-10-22_6.tif","sfd_1",2.00000006068386,"CPER","6"
"CPER_2020_DEM_mosaic_2025-10-22_7.tif","sfd_1",2.00000005525562,"CPER","7"
"CPER_2020_DEM_mosaic_2025-10-22_8.tif","sfd_1",2.00000005679936,"CPER","8"
"CPER_2020_DEM_mosaic_2025-10-22_9.tif","sfd_1",2.00000022073734,"CPER","9"
"WOOD_2019_DEM_mosaic_2025-10-22_1.tif","sfd_1",2.00000021395543,"WOOD","1"
"WOOD_2019_DEM_mosaic_2025-10-22_2.tif","sfd_1",2.00000032761461,"WOOD","2"
"WOOD_2019_DEM_mosaic_2025-10-22_3.tif","sfd_1",2.00000025992027,"WOOD","3"
"WOOD_2019_DEM_mosaic_2025-10-22_4.tif","sfd_1",2.00000024576274,"WOOD","4"
"WOOD_2019_DEM_mosaic_2025-10-22_5.tif","sfd_1",2.00000018498311,"WOOD","5"
"WOOD_2019_DEM_mosaic_2025-10-22_6.tif","sfd_1",2.0000002386369,"WOOD","6"
"WOOD_2019_DEM_mosaic_2025-10-22_7.tif","sfd_1",2.00000043985489,"WOOD","7"
"WOOD_2019_DEM_mosaic_2025-10-22_8.tif","sfd_1",2.0000002440632,"WOOD","8"
"WOOD_2019_DEM_mosaic_2025-10-22_9.tif","sfd_1",2.00000062023947,"WOOD","9"
"ORNL_2018_DEM_mosaic_2025-10-22_1.tif","srw_1",10.1010101010101,"ORNL","1"
"ORNL_2018_DEM_mosaic_2025-10-22_1.tif","srw_2",0.0569186570888006,"ORNL","1"
"ORNL_2018_DEM_mosaic_2025-10-22_1.tif","srw_3",101.010101010101,"ORNL","1"
"ORNL_2018_DEM_mosaic_2025-10-22_2.tif","srw_1",10.1010101010101,"ORNL","2"
"ORNL_2018_DEM_mosaic_2025-10-22_2.tif","srw_2",0.055402633483361,"ORNL","2"
"ORNL_2018_DEM_mosaic_2025-10-22_2.tif","srw_3",80.8080808080808,"ORNL","2"
"ORNL_2018_DEM_mosaic_2025-10-22_3.tif","srw_1",10.1010101010101,"ORNL","3"
"ORNL_2018_DEM_mosaic_2025-10-22_3.tif","srw_2",0.0531922647584356,"ORNL","3"
"ORNL_2018_DEM_mosaic_2025-10-22_3.tif","srw_3",80.8080808080808,"ORNL","3"
"ORNL_2018_DEM_mosaic_2025-10-22_4.tif","srw_1",10.1010101010101,"ORNL","4"
"ORNL_2018_DEM_mosaic_2025-10-22_4.tif","srw_2",0.0532300009715112,"ORNL","4"
"ORNL_2018_DEM_mosaic_2025-10-22_4.tif","srw_3",70.7070707070707,"ORNL","4"
"ORNL_2018_DEM_mosaic_2025-10-22_5.tif","srw_1",10.1010101010101,"ORNL","5"
"ORNL_2018_DEM_mosaic_2025-10-22_5.tif","srw_2",0.0618581324435418,"ORNL","5"
"ORNL_2018_DEM_mosaic_2025-10-22_5.tif","srw_3",111.111111111111,"ORNL","5"
"ORNL_2018_DEM_mosaic_2025-10-22_6.tif","srw_1",10.1010101010101,"ORNL","6"
"ORNL_2018_DEM_mosaic_2025-10-22_6.tif","srw_2",0.0515307821891576,"ORNL","6"
"ORNL_2018_DEM_mosaic_2025-10-22_6.tif","srw_3",60.6060606060606,"ORNL","6"
"ORNL_2018_DEM_mosaic_2025-10-22_7.tif","srw_1",10.1010101010101,"ORNL","7"
"ORNL_2018_DEM_mosaic_2025-10-22_7.tif","srw_2",0.0668095415741497,"ORNL","7"
"ORNL_2018_DEM_mosaic_2025-10-22_7.tif","srw_3",111.111111111111,"ORNL","7"
"ORNL_2018_DEM_mosaic_2025-10-22_8.tif","srw_1",10.1010101010101,"ORNL","8"
"ORNL_2018_DEM_mosaic_2025-10-22_8.tif","srw_2",0.0683503043883891,"ORNL","8"
"ORNL_2018_DEM_mosaic_2025-10-22_8.tif","srw_3",111.111111111111,"ORNL","8"
"ORNL_2018_DEM_mosaic_2025-10-22_9.tif","srw_1",10.1010101010101,"ORNL","9"
"ORNL_2018_DEM_mosaic_2025-10-22_9.tif","srw_2",0.0584937726183218,"ORNL","9"
"ORNL_2018_DEM_mosaic_2025-10-22_9.tif","srw_3",90.9090909090909,"ORNL","9"
"RMNP_2020_DEM_mosaic_2025-10-22_1.tif","srw_1",10.1010101010101,"RMNP","1"
"RMNP_2020_DEM_mosaic_2025-10-22_1.tif","srw_2",0.0890032889151875,"RMNP","1"
"RMNP_2020_DEM_mosaic_2025-10-22_1.tif","srw_3",161.616161616162,"RMNP","1"
"RMNP_2020_DEM_mosaic_2025-10-22_2.tif","srw_1",10.1010101010101,"RMNP","2"
"RMNP_2020_DEM_mosaic_2025-10-22_2.tif","srw_2",0.0731448440203934,"RMNP","2"
"RMNP_2020_DEM_mosaic_2025-10-22_2.tif","srw_3",131.313131313131,"RMNP","2"
"RMNP_2020_DEM_mosaic_2025-10-22_3.tif","srw_1",10.1010101010101,"RMNP","3"
"RMNP_2020_DEM_mosaic_2025-10-22_3.tif","srw_2",0.0867277298112949,"RMNP","3"
"RMNP_2020_DEM_mosaic_2025-10-22_3.tif","srw_3",151.515151515152,"RMNP","3"
"RMNP_2020_DEM_mosaic_2025-10-22_4.tif","srw_1",10.1010101010101,"RMNP","4"
"RMNP_2020_DEM_mosaic_2025-10-22_4.tif","srw_2",0.0730336680246197,"RMNP","4"
"RMNP_2020_DEM_mosaic_2025-10-22_4.tif","srw_3",141.414141414141,"RMNP","4"
"RMNP_2020_DEM_mosaic_2025-10-22_5.tif","srw_1",10.1010101010101,"RMNP","5"
"RMNP_2020_DEM_mosaic_2025-10-22_5.tif","srw_2",0.0722788725418747,"RMNP","5"
"RMNP_2020_DEM_mosaic_2025-10-22_5.tif","srw_3",131.313131313131,"RMNP","5"
"RMNP_2020_DEM_mosaic_2025-10-22_6.tif","srw_1",10.1010101010101,"RMNP","6"
"RMNP_2020_DEM_mosaic_2025-10-22_6.tif","srw_2",0.0736003530395508,"RMNP","6"
"RMNP_2020_DEM_mosaic_2025-10-22_6.tif","srw_3",131.313131313131,"RMNP","6"
"RMNP_2020_DEM_mosaic_2025-10-22_7.tif","srw_1",10.1010101010101,"RMNP","7"
"RMNP_2020_DEM_mosaic_2025-10-22_7.tif","srw_2",0.0686035723359709,"RMNP","7"
"RMNP_2020_DEM_mosaic_2025-10-22_7.tif","srw_3",131.313131313131,"RMNP","7"
"RMNP_2020_DEM_mosaic_2025-10-22_8.tif","srw_1",10.1010101010101,"RMNP","8"
"RMNP_2020_DEM_mosaic_2025-10-22_8.tif","srw_2",0.0749582596747832,"RMNP","8"
"RMNP_2020_DEM_mosaic_2025-10-22_8.tif","srw_3",141.414141414141,"RMNP","8"
"RMNP_2020_DEM_mosaic_2025-10-22_9.tif","srw_1",10.1010101010101,"RMNP","9"
"RMNP_2020_DEM_mosaic_2025-10-22_9.tif","srw_2",0.0596479264382546,"RMNP","9"
"RMNP_2020_DEM_mosaic_2025-10-22_9.tif","srw_3",101.010101010101,"RMNP","9"
"CPER_2020_DEM_mosaic_2025-10-22_1.tif","srw_1",10.1010101010101,"CPER","1"
"CPER_2020_DEM_mosaic_2025-10-22_1.tif","srw_2",0.0666260529359504,"CPER","1"
"CPER_2020_DEM_mosaic_2025-10-22_1.tif","srw_3",131.313131313131,"CPER","1"
"CPER_2020_DEM_mosaic_2025-10-22_2.tif","srw_1",10.1010101010101,"CPER","2"
"CPER_2020_DEM_mosaic_2025-10-22_2.tif","srw_2",0.0693618047318844,"CPER","2"
"CPER_2020_DEM_mosaic_2025-10-22_2.tif","srw_3",141.414141414141,"CPER","2"
"CPER_2020_DEM_mosaic_2025-10-22_3.tif","srw_1",10.1010101010101,"CPER","3"
"CPER_2020_DEM_mosaic_2025-10-22_3.tif","srw_2",0.0579537655859108,"CPER","3"
"CPER_2020_DEM_mosaic_2025-10-22_3.tif","srw_3",111.111111111111,"CPER","3"
"CPER_2020_DEM_mosaic_2025-10-22_4.tif","srw_1",10.1010101010101,"CPER","4"
"CPER_2020_DEM_mosaic_2025-10-22_4.tif","srw_2",0.060116557620928,"CPER","4"
"CPER_2020_DEM_mosaic_2025-10-22_4.tif","srw_3",101.010101010101,"CPER","4"
"CPER_2020_DEM_mosaic_2025-10-22_5.tif","srw_1",10.1010101010101,"CPER","5"
"CPER_2020_DEM_mosaic_2025-10-22_5.tif","srw_2",0.0695858072563382,"CPER","5"
"CPER_2020_DEM_mosaic_2025-10-22_5.tif","srw_3",131.313131313131,"CPER","5"
"CPER_2020_DEM_mosaic_2025-10-22_6.tif","srw_1",10.1010101010101,"CPER","6"
"CPER_2020_DEM_mosaic_2025-10-22_6.tif","srw_2",0.0733943900650534,"CPER","6"
"CPER_2020_DEM_mosaic_2025-10-22_6.tif","srw_3",151.515151515152,"CPER","6"
"CPER_2020_DEM_mosaic_2025-10-22_7.tif","srw_1",10.1010101010101,"CPER","7"
"CPER_2020_DEM_mosaic_2025-10-22_7.tif","srw_2",0.0620306034299228,"CPER","7"
"CPER_2020_DEM_mosaic_2025-10-22_7.tif","srw_3",121.212121212121,"CPER","7"
"CPER_2020_DEM_mosaic_2025-10-22_8.tif","srw_1",10.1010101010101,"CPER","8"
"CPER_2020_DEM_mosaic_2025-10-22_8.tif","srw_2",0.0623264130190858,"CPER","8"
"CPER_2020_DEM_mosaic_2025-10-22_8.tif","srw_3",161.616161616162,"CPER","8"
"CPER_2020_DEM_mosaic_2025-10-22_9.tif","srw_1",10.1010101010101,"CPER","9"
"CPER_2020_DEM_mosaic_2025-10-22_9.tif","srw_2",0.0883983125128734,"CPER","9"
"CPER_2020_DEM_mosaic_2025-10-22_9.tif","srw_3",171.717171717172,"CPER","9"
"WOOD_2019_DEM_mosaic_2025-10-22_1.tif","srw_1",10.1010101010101,"WOOD","1"
"WOOD_2019_DEM_mosaic_2025-10-22_1.tif","srw_2",0.0804556888698266,"WOOD","1"
"WOOD_2019_DEM_mosaic_2025-10-22_1.tif","srw_3",161.616161616162,"WOOD","1"
"WOOD_2019_DEM_mosaic_2025-10-22_2.tif","srw_1",10.1010101010101,"WOOD","2"
"WOOD_2019_DEM_mosaic_2025-10-22_2.tif","srw_2",0.086168442780653,"WOOD","2"
"WOOD_2019_DEM_mosaic_2025-10-22_2.tif","srw_3",181.818181818182,"WOOD","2"
"WOOD_2019_DEM_mosaic_2025-10-22_3.tif","srw_1",10.1010101010101,"WOOD","3"
"WOOD_2019_DEM_mosaic_2025-10-22_3.tif","srw_2",0.0840184122794435,"WOOD","3"
"WOOD_2019_DEM_mosaic_2025-10-22_3.tif","srw_3",181.818181818182,"WOOD","3"
"WOOD_2019_DEM_mosaic_2025-10-22_4.tif","srw_1",10.1010101010101,"WOOD","4"
"WOOD_2019_DEM_mosaic_2025-10-22_4.tif","srw_2",0.0882465371641146,"WOOD","4"
"WOOD_2019_DEM_mosaic_2025-10-22_4.tif","srw_3",191.919191919192,"WOOD","4"
"WOOD_2019_DEM_mosaic_2025-10-22_5.tif","srw_1",10.1010101010101,"WOOD","5"
"WOOD_2019_DEM_mosaic_2025-10-22_5.tif","srw_2",0.0856365331806902,"WOOD","5"
"WOOD_2019_DEM_mosaic_2025-10-22_5.tif","srw_3",181.818181818182,"WOOD","5"
"WOOD_2019_DEM_mosaic_2025-10-22_6.tif","srw_1",10.1010101010101,"WOOD","6"
"WOOD_2019_DEM_mosaic_2025-10-22_6.tif","srw_2",0.0831608464607043,"WOOD","6"
"WOOD_2019_DEM_mosaic_2025-10-22_6.tif","srw_3",161.616161616162,"WOOD","6"
"WOOD_2019_DEM_mosaic_2025-10-22_7.tif","srw_1",10.1010101010101,"WOOD","7"
"WOOD_2019_DEM_mosaic_2025-10-22_7.tif","srw_2",0.072299654351691,"WOOD","7"
"WOOD_2019_DEM_mosaic_2025-10-22_7.tif","srw_3",161.616161616162,"WOOD","7"
"WOOD_2019_DEM_mosaic_2025-10-22_8.tif","srw_1",10.1010101010101,"WOOD","8"
"WOOD_2019_DEM_mosaic_2025-10-22_8.tif","srw_2",0.0796643426882091,"WOOD","8"
"WOOD_2019_DEM_mosaic_2025-10-22_8.tif","srw_3",141.414141414141,"WOOD","8"
"WOOD_2019_DEM_mosaic_2025-10-22_9.tif","srw_1",10.1010101010101,"WOOD","9"
"WOOD_2019_DEM_mosaic_2025-10-22_9.tif","srw_2",0.0849369345278125,"WOOD","9"
"WOOD_2019_DEM_mosaic_2025-10-22_9.tif","srw_3",141.414141414141,"WOOD","9"
"ORNL_2018_DEM_mosaic_2025-10-22_1.tif","std_1",90,"ORNL","1"
"ORNL_2018_DEM_mosaic_2025-10-22_1.tif","std_2",0.0254050322522093,"ORNL","1"
"ORNL_2018_DEM_mosaic_2025-10-22_2.tif","std_1",90,"ORNL","2"
"ORNL_2018_DEM_mosaic_2025-10-22_2.tif","std_2",0.0285282966197022,"ORNL","2"
"ORNL_2018_DEM_mosaic_2025-10-22_3.tif","std_1",90,"ORNL","3"
"ORNL_2018_DEM_mosaic_2025-10-22_3.tif","std_2",0.0295555831150411,"ORNL","3"
"ORNL_2018_DEM_mosaic_2025-10-22_4.tif","std_1",0,"ORNL","4"
"ORNL_2018_DEM_mosaic_2025-10-22_4.tif","std_2",0.0304923164084291,"ORNL","4"
"ORNL_2018_DEM_mosaic_2025-10-22_5.tif","std_1",0,"ORNL","5"
"ORNL_2018_DEM_mosaic_2025-10-22_5.tif","std_2",0.0212551694943992,"ORNL","5"
"ORNL_2018_DEM_mosaic_2025-10-22_6.tif","std_1",0,"ORNL","6"
"ORNL_2018_DEM_mosaic_2025-10-22_6.tif","std_2",0.0344441923590387,"ORNL","6"
"ORNL_2018_DEM_mosaic_2025-10-22_7.tif","std_1",0,"ORNL","7"
"ORNL_2018_DEM_mosaic_2025-10-22_7.tif","std_2",0.0238889903021872,"ORNL","7"
"ORNL_2018_DEM_mosaic_2025-10-22_8.tif","std_1",0,"ORNL","8"
"ORNL_2018_DEM_mosaic_2025-10-22_8.tif","std_2",0.0245232062980384,"ORNL","8"
"ORNL_2018_DEM_mosaic_2025-10-22_9.tif","std_1",0,"ORNL","9"
"ORNL_2018_DEM_mosaic_2025-10-22_9.tif","std_2",0.0268755574245269,"ORNL","9"
"RMNP_2020_DEM_mosaic_2025-10-22_1.tif","std_1",90,"RMNP","1"
"RMNP_2020_DEM_mosaic_2025-10-22_1.tif","std_2",0.037999129415846,"RMNP","1"
"RMNP_2020_DEM_mosaic_2025-10-22_2.tif","std_1",90,"RMNP","2"
"RMNP_2020_DEM_mosaic_2025-10-22_2.tif","std_2",0.0310591529801125,"RMNP","2"
"RMNP_2020_DEM_mosaic_2025-10-22_3.tif","std_1",90,"RMNP","3"
"RMNP_2020_DEM_mosaic_2025-10-22_3.tif","std_2",0.0255511521270243,"RMNP","3"
"RMNP_2020_DEM_mosaic_2025-10-22_4.tif","std_1",0,"RMNP","4"
"RMNP_2020_DEM_mosaic_2025-10-22_4.tif","std_2",0.0233377601684389,"RMNP","4"
"RMNP_2020_DEM_mosaic_2025-10-22_5.tif","std_1",0,"RMNP","5"
"RMNP_2020_DEM_mosaic_2025-10-22_5.tif","std_2",0.0212256330977331,"RMNP","5"
"RMNP_2020_DEM_mosaic_2025-10-22_6.tif","std_1",90,"RMNP","6"
"RMNP_2020_DEM_mosaic_2025-10-22_6.tif","std_2",0.017171580940225,"RMNP","6"
"RMNP_2020_DEM_mosaic_2025-10-22_7.tif","std_1",90,"RMNP","7"
"RMNP_2020_DEM_mosaic_2025-10-22_7.tif","std_2",0.0208301660397696,"RMNP","7"
"RMNP_2020_DEM_mosaic_2025-10-22_8.tif","std_1",0,"RMNP","8"
"RMNP_2020_DEM_mosaic_2025-10-22_8.tif","std_2",0.0186765608005431,"RMNP","8"
"RMNP_2020_DEM_mosaic_2025-10-22_9.tif","std_1",0,"RMNP","9"
"RMNP_2020_DEM_mosaic_2025-10-22_9.tif","std_2",0.0203625139363034,"RMNP","9"
"CPER_2020_DEM_mosaic_2025-10-22_1.tif","std_1",90,"CPER","1"
"CPER_2020_DEM_mosaic_2025-10-22_1.tif","std_2",0.0285641239972916,"CPER","1"
"CPER_2020_DEM_mosaic_2025-10-22_2.tif","std_1",90,"CPER","2"
"CPER_2020_DEM_mosaic_2025-10-22_2.tif","std_2",0.0326052060357448,"CPER","2"
"CPER_2020_DEM_mosaic_2025-10-22_3.tif","std_1",0,"CPER","3"
"CPER_2020_DEM_mosaic_2025-10-22_3.tif","std_2",0.0250230683801579,"CPER","3"
"CPER_2020_DEM_mosaic_2025-10-22_4.tif","std_1",90,"CPER","4"
"CPER_2020_DEM_mosaic_2025-10-22_4.tif","std_2",0.0259539059311886,"CPER","4"
"CPER_2020_DEM_mosaic_2025-10-22_5.tif","std_1",90,"CPER","5"
"CPER_2020_DEM_mosaic_2025-10-22_5.tif","std_2",0.0294526398377055,"CPER","5"
"CPER_2020_DEM_mosaic_2025-10-22_6.tif","std_1",0,"CPER","6"
"CPER_2020_DEM_mosaic_2025-10-22_6.tif","std_2",0.0225272106957994,"CPER","6"
"CPER_2020_DEM_mosaic_2025-10-22_7.tif","std_1",0,"CPER","7"
"CPER_2020_DEM_mosaic_2025-10-22_7.tif","std_2",0.0217490689080651,"CPER","7"
"CPER_2020_DEM_mosaic_2025-10-22_8.tif","std_1",90,"CPER","8"
"CPER_2020_DEM_mosaic_2025-10-22_8.tif","std_2",0.043326361760597,"CPER","8"
"CPER_2020_DEM_mosaic_2025-10-22_9.tif","std_1",0,"CPER","9"
"CPER_2020_DEM_mosaic_2025-10-22_9.tif","std_2",0.0294515045362606,"CPER","9"
"WOOD_2019_DEM_mosaic_2025-10-22_1.tif","std_1",0,"WOOD","1"
"WOOD_2019_DEM_mosaic_2025-10-22_1.tif","std_2",0.0366850159422225,"WOOD","1"
"WOOD_2019_DEM_mosaic_2025-10-22_2.tif","std_1",0,"WOOD","2"
"WOOD_2019_DEM_mosaic_2025-10-22_2.tif","std_2",0.0378201211831585,"WOOD","2"
"WOOD_2019_DEM_mosaic_2025-10-22_3.tif","std_1",0,"WOOD","3"
"WOOD_2019_DEM_mosaic_2025-10-22_3.tif","std_2",0.0323233453672413,"WOOD","3"
"WOOD_2019_DEM_mosaic_2025-10-22_4.tif","std_1",0,"WOOD","4"
"WOOD_2019_DEM_mosaic_2025-10-22_4.tif","std_2",0.0425094654809614,"WOOD","4"
"WOOD_2019_DEM_mosaic_2025-10-22_5.tif","std_1",0,"WOOD","5"
"WOOD_2019_DEM_mosaic_2025-10-22_5.tif","std_2",0.0407822783795471,"WOOD","5"
"WOOD_2019_DEM_mosaic_2025-10-22_6.tif","std_1",90,"WOOD","6"
"WOOD_2019_DEM_mosaic_2025-10-22_6.tif","std_2",0.0385489517305933,"WOOD","6"
"WOOD_2019_DEM_mosaic_2025-10-22_7.tif","std_1",0,"WOOD","7"
"WOOD_2019_DEM_mosaic_2025-10-22_7.tif","std_2",0.0373947210641755,"WOOD","7"
"WOOD_2019_DEM_mosaic_2025-10-22_8.tif","std_1",90,"WOOD","8"
"WOOD_2019_DEM_mosaic_2025-10-22_8.tif","std_2",0.0382258230093302,"WOOD","8"
"WOOD_2019_DEM_mosaic_2025-10-22_9.tif","std_1",90,"WOOD","9"
"WOOD_2019_DEM_mosaic_2025-10-22_9.tif","std_2",0.035886781018747,"WOOD","9"
"ORNL_2018_DEM_mosaic_2025-10-22_1.tif","svi_1",-44.905162700555,"ORNL","1"
"ORNL_2018_DEM_mosaic_2025-10-22_2.tif","svi_1",-44.4779207082519,"ORNL","2"
"ORNL_2018_DEM_mosaic_2025-10-22_3.tif","svi_1",-44.1207047317904,"ORNL","3"
"ORNL_2018_DEM_mosaic_2025-10-22_4.tif","svi_1",-44.273742034196,"ORNL","4"
"ORNL_2018_DEM_mosaic_2025-10-22_5.tif","svi_1",-46.9486339723877,"ORNL","5"
"ORNL_2018_DEM_mosaic_2025-10-22_6.tif","svi_1",-48.4755038700944,"ORNL","6"
"ORNL_2018_DEM_mosaic_2025-10-22_7.tif","svi_1",-44.1781497043652,"ORNL","7"
"ORNL_2018_DEM_mosaic_2025-10-22_8.tif","svi_1",-45.8803271290015,"ORNL","8"
"ORNL_2018_DEM_mosaic_2025-10-22_9.tif","svi_1",-49.8553969439762,"ORNL","9"
"RMNP_2020_DEM_mosaic_2025-10-22_1.tif","svi_1",-512.309751953125,"RMNP","1"
"RMNP_2020_DEM_mosaic_2025-10-22_2.tif","svi_1",-519.052238049583,"RMNP","2"
"RMNP_2020_DEM_mosaic_2025-10-22_3.tif","svi_1",-531.977414216979,"RMNP","3"
"RMNP_2020_DEM_mosaic_2025-10-22_4.tif","svi_1",-494.436175391966,"RMNP","4"
"RMNP_2020_DEM_mosaic_2025-10-22_5.tif","svi_1",-505.069367533802,"RMNP","5"
"RMNP_2020_DEM_mosaic_2025-10-22_6.tif","svi_1",-529.530943729739,"RMNP","6"
"RMNP_2020_DEM_mosaic_2025-10-22_7.tif","svi_1",-488.884245875312,"RMNP","7"
"RMNP_2020_DEM_mosaic_2025-10-22_8.tif","svi_1",-512.383094999844,"RMNP","8"
"RMNP_2020_DEM_mosaic_2025-10-22_9.tif","svi_1",-502.991786894479,"RMNP","9"
"CPER_2020_DEM_mosaic_2025-10-22_1.tif","svi_1",-322.236081819661,"CPER","1"
"CPER_2020_DEM_mosaic_2025-10-22_2.tif","svi_1",-323.679820166016,"CPER","2"
"CPER_2020_DEM_mosaic_2025-10-22_3.tif","svi_1",-327.725493939609,"CPER","3"
"CPER_2020_DEM_mosaic_2025-10-22_4.tif","svi_1",-320.968740760156,"CPER","4"
"CPER_2020_DEM_mosaic_2025-10-22_5.tif","svi_1",-323.403413909167,"CPER","5"
"CPER_2020_DEM_mosaic_2025-10-22_6.tif","svi_1",-324.738065527344,"CPER","6"
"CPER_2020_DEM_mosaic_2025-10-22_7.tif","svi_1",-320.149225602214,"CPER","7"
"CPER_2020_DEM_mosaic_2025-10-22_8.tif","svi_1",-322.566448063151,"CPER","8"
"CPER_2020_DEM_mosaic_2025-10-22_9.tif","svi_1",-322.795569677734,"CPER","9"
"WOOD_2019_DEM_mosaic_2025-10-22_1.tif","svi_1",-116.704707929948,"WOOD","1"
"WOOD_2019_DEM_mosaic_2025-10-22_2.tif","svi_1",-119.290090586758,"WOOD","2"
"WOOD_2019_DEM_mosaic_2025-10-22_3.tif","svi_1",-116.967996337799,"WOOD","3"
"WOOD_2019_DEM_mosaic_2025-10-22_4.tif","svi_1",-113.520394295404,"WOOD","4"
"WOOD_2019_DEM_mosaic_2025-10-22_5.tif","svi_1",-115.516314585404,"WOOD","5"
"WOOD_2019_DEM_mosaic_2025-10-22_6.tif","svi_1",-115.786123399271,"WOOD","6"
"WOOD_2019_DEM_mosaic_2025-10-22_7.tif","svi_1",-111.034406747656,"WOOD","7"
"WOOD_2019_DEM_mosaic_2025-10-22_8.tif","svi_1",-111.496846374505,"WOOD","8"
"WOOD_2019_DEM_mosaic_2025-10-22_9.tif","svi_1",-112.523454043659,"WOOD","9"
"ORNL_2018_DEM_mosaic_2025-10-22_1.tif","stxr_1",0.730865535363263,"ORNL","1"
"ORNL_2018_DEM_mosaic_2025-10-22_1.tif","stxr_2",0.557932909743696,"ORNL","1"
"ORNL_2018_DEM_mosaic_2025-10-22_2.tif","stxr_1",0.726363074710137,"ORNL","2"
"ORNL_2018_DEM_mosaic_2025-10-22_2.tif","stxr_2",0.554815446265737,"ORNL","2"
"ORNL_2018_DEM_mosaic_2025-10-22_3.tif","stxr_1",0.732276224613855,"ORNL","3"
"ORNL_2018_DEM_mosaic_2025-10-22_3.tif","stxr_2",0.557019869517074,"ORNL","3"
"ORNL_2018_DEM_mosaic_2025-10-22_4.tif","stxr_1",0.710355098162727,"ORNL","4"
"ORNL_2018_DEM_mosaic_2025-10-22_4.tif","stxr_2",0.54379967746298,"ORNL","4"
"ORNL_2018_DEM_mosaic_2025-10-22_5.tif","stxr_1",0.694405500919474,"ORNL","5"
"ORNL_2018_DEM_mosaic_2025-10-22_5.tif","stxr_2",0.531355083826981,"ORNL","5"
"ORNL_2018_DEM_mosaic_2025-10-22_6.tif","stxr_1",0.711425961138383,"ORNL","6"
"ORNL_2018_DEM_mosaic_2025-10-22_6.tif","stxr_2",0.544507440165963,"ORNL","6"
"ORNL_2018_DEM_mosaic_2025-10-22_7.tif","stxr_1",0.744582167402482,"ORNL","7"
"ORNL_2018_DEM_mosaic_2025-10-22_7.tif","stxr_2",0.55840322585381,"ORNL","7"
"ORNL_2018_DEM_mosaic_2025-10-22_8.tif","stxr_1",0.734367084573822,"ORNL","8"
"ORNL_2018_DEM_mosaic_2025-10-22_8.tif","stxr_2",0.554858755764309,"ORNL","8"
"ORNL_2018_DEM_mosaic_2025-10-22_9.tif","stxr_1",0.711727702689749,"ORNL","9"
"ORNL_2018_DEM_mosaic_2025-10-22_9.tif","stxr_2",0.543602215511865,"ORNL","9"
"RMNP_2020_DEM_mosaic_2025-10-22_1.tif","stxr_1",0.729364599998998,"RMNP","1"
"RMNP_2020_DEM_mosaic_2025-10-22_1.tif","stxr_2",0.557779059550863,"RMNP","1"
"RMNP_2020_DEM_mosaic_2025-10-22_2.tif","stxr_1",0.727864010074402,"RMNP","2"
"RMNP_2020_DEM_mosaic_2025-10-22_2.tif","stxr_2",0.556994263801567,"RMNP","2"
"RMNP_2020_DEM_mosaic_2025-10-22_3.tif","stxr_1",0.730894293215755,"RMNP","3"
"RMNP_2020_DEM_mosaic_2025-10-22_3.tif","stxr_2",0.558155804690483,"RMNP","3"
"RMNP_2020_DEM_mosaic_2025-10-22_4.tif","stxr_1",0.730365079641979,"RMNP","4"
"RMNP_2020_DEM_mosaic_2025-10-22_4.tif","stxr_2",0.557859806073624,"RMNP","4"
"RMNP_2020_DEM_mosaic_2025-10-22_5.tif","stxr_1",0.727864010074402,"RMNP","5"
"RMNP_2020_DEM_mosaic_2025-10-22_5.tif","stxr_2",0.556674732107218,"RMNP","5"
"RMNP_2020_DEM_mosaic_2025-10-22_6.tif","stxr_1",0.71635810556049,"RMNP","6"
"RMNP_2020_DEM_mosaic_2025-10-22_6.tif","stxr_2",0.549638946457369,"RMNP","6"
"RMNP_2020_DEM_mosaic_2025-10-22_7.tif","stxr_1",0.729865055720282,"RMNP","7"
"RMNP_2020_DEM_mosaic_2025-10-22_7.tif","stxr_2",0.558053554548292,"RMNP","7"
"RMNP_2020_DEM_mosaic_2025-10-22_8.tif","stxr_1",0.729074603396397,"RMNP","8"
"RMNP_2020_DEM_mosaic_2025-10-22_8.tif","stxr_2",0.557362545669283,"RMNP","8"
"RMNP_2020_DEM_mosaic_2025-10-22_9.tif","stxr_1",0.732366125287859,"RMNP","9"
"RMNP_2020_DEM_mosaic_2025-10-22_9.tif","stxr_2",0.559119840448325,"RMNP","9"
"CPER_2020_DEM_mosaic_2025-10-22_1.tif","stxr_1",0.727864010074402,"CPER","1"
"CPER_2020_DEM_mosaic_2025-10-22_1.tif","stxr_2",0.557120047021248,"CPER","1"
"CPER_2020_DEM_mosaic_2025-10-22_2.tif","stxr_1",0.727864010074402,"CPER","2"
"CPER_2020_DEM_mosaic_2025-10-22_2.tif","stxr_2",0.556918785233767,"CPER","2"
"CPER_2020_DEM_mosaic_2025-10-22_3.tif","stxr_1",0.727363640713036,"CPER","3"
"CPER_2020_DEM_mosaic_2025-10-22_3.tif","stxr_2",0.556278081006639,"CPER","3"
"CPER_2020_DEM_mosaic_2025-10-22_4.tif","stxr_1",0.727363640713036,"CPER","4"
"CPER_2020_DEM_mosaic_2025-10-22_4.tif","stxr_2",0.556753837791549,"CPER","4"
"CPER_2020_DEM_mosaic_2025-10-22_5.tif","stxr_1",0.727363640713036,"CPER","5"
"CPER_2020_DEM_mosaic_2025-10-22_5.tif","stxr_2",0.556805524202108,"CPER","5"
"CPER_2020_DEM_mosaic_2025-10-22_6.tif","stxr_1",0.726363074710137,"CPER","6"
"CPER_2020_DEM_mosaic_2025-10-22_6.tif","stxr_2",0.555778057084942,"CPER","6"
"CPER_2020_DEM_mosaic_2025-10-22_7.tif","stxr_1",0.726863530431421,"CPER","7"
"CPER_2020_DEM_mosaic_2025-10-22_7.tif","stxr_2",0.556278081006639,"CPER","7"
"CPER_2020_DEM_mosaic_2025-10-22_8.tif","stxr_1",0.727864010074402,"CPER","8"
"CPER_2020_DEM_mosaic_2025-10-22_8.tif","stxr_2",0.557274544913461,"CPER","8"
"CPER_2020_DEM_mosaic_2025-10-22_9.tif","stxr_1",0.728364120356017,"CPER","9"
"CPER_2020_DEM_mosaic_2025-10-22_9.tif","stxr_2",0.557278603829579,"CPER","9"
"WOOD_2019_DEM_mosaic_2025-10-22_1.tif","stxr_1",0.726863530431421,"WOOD","1"
"WOOD_2019_DEM_mosaic_2025-10-22_1.tif","stxr_2",0.556156140803282,"WOOD","1"
"WOOD_2019_DEM_mosaic_2025-10-22_2.tif","stxr_1",0.729364599998998,"WOOD","2"
"WOOD_2019_DEM_mosaic_2025-10-22_2.tif","stxr_2",0.557351318880022,"WOOD","2"
"WOOD_2019_DEM_mosaic_2025-10-22_3.tif","stxr_1",0.728364120356017,"WOOD","3"
"WOOD_2019_DEM_mosaic_2025-10-22_3.tif","stxr_2",0.556778579907882,"WOOD","3"
"WOOD_2019_DEM_mosaic_2025-10-22_4.tif","stxr_1",0.727363640713036,"WOOD","4"
"WOOD_2019_DEM_mosaic_2025-10-22_4.tif","stxr_2",0.556753837791549,"WOOD","4"
"WOOD_2019_DEM_mosaic_2025-10-22_5.tif","stxr_1",0.728864576077301,"WOOD","5"
"WOOD_2019_DEM_mosaic_2025-10-22_5.tif","stxr_2",0.557508450749716,"WOOD","5"
"WOOD_2019_DEM_mosaic_2025-10-22_6.tif","stxr_1",0.726863530431421,"WOOD","6"
"WOOD_2019_DEM_mosaic_2025-10-22_6.tif","stxr_2",0.556480508653005,"WOOD","6"
"WOOD_2019_DEM_mosaic_2025-10-22_7.tif","stxr_1",0.729865055720282,"WOOD","7"
"WOOD_2019_DEM_mosaic_2025-10-22_7.tif","stxr_2",0.557753497015315,"WOOD","7"
"WOOD_2019_DEM_mosaic_2025-10-22_8.tif","stxr_1",0.726363074710137,"WOOD","8"
"WOOD_2019_DEM_mosaic_2025-10-22_8.tif","stxr_2",0.555859105867414,"WOOD","8"
"WOOD_2019_DEM_mosaic_2025-10-22_9.tif","stxr_1",0.728864576077301,"WOOD","9"
"WOOD_2019_DEM_mosaic_2025-10-22_9.tif","stxr_2",0.557278603829579,"WOOD","9"
"ORNL_2018_DEM_mosaic_2025-10-22_1.tif","ssc_1",-0.00126935851553859,"ORNL","1"
"ORNL_2018_DEM_mosaic_2025-10-22_2.tif","ssc_1",-0.0010846135656909,"ORNL","2"
"ORNL_2018_DEM_mosaic_2025-10-22_3.tif","ssc_1",-0.00087817581258239,"ORNL","3"
"ORNL_2018_DEM_mosaic_2025-10-22_4.tif","ssc_1",-0.00118324288494714,"ORNL","4"
"ORNL_2018_DEM_mosaic_2025-10-22_5.tif","ssc_1",-0.000997386901676848,"ORNL","5"
"ORNL_2018_DEM_mosaic_2025-10-22_6.tif","ssc_1",-0.00110071690651218,"ORNL","6"
"ORNL_2018_DEM_mosaic_2025-10-22_7.tif","ssc_1",-0.000603547206122956,"ORNL","7"
"ORNL_2018_DEM_mosaic_2025-10-22_8.tif","ssc_1",-0.00123963672923279,"ORNL","8"
"ORNL_2018_DEM_mosaic_2025-10-22_9.tif","ssc_1",-0.00109734343358455,"ORNL","9"
"RMNP_2020_DEM_mosaic_2025-10-22_1.tif","ssc_1",-0.000472119698577412,"RMNP","1"
"RMNP_2020_DEM_mosaic_2025-10-22_2.tif","ssc_1",-0.0006877868086414,"RMNP","2"
"RMNP_2020_DEM_mosaic_2025-10-22_3.tif","ssc_1",-0.000444030623058047,"RMNP","3"
"RMNP_2020_DEM_mosaic_2025-10-22_4.tif","ssc_1",-0.000811472670259902,"RMNP","4"
"RMNP_2020_DEM_mosaic_2025-10-22_5.tif","ssc_1",-0.00031391292031542,"RMNP","5"
"RMNP_2020_DEM_mosaic_2025-10-22_6.tif","ssc_1",-0.000340623971124307,"RMNP","6"
"RMNP_2020_DEM_mosaic_2025-10-22_7.tif","ssc_1",-0.000517658439724314,"RMNP","7"
"RMNP_2020_DEM_mosaic_2025-10-22_8.tif","ssc_1",-0.000353881558180561,"RMNP","8"
"RMNP_2020_DEM_mosaic_2025-10-22_9.tif","ssc_1",-0.00032849761487373,"RMNP","9"
"CPER_2020_DEM_mosaic_2025-10-22_1.tif","ssc_1",-0.000618336454923817,"CPER","1"
"CPER_2020_DEM_mosaic_2025-10-22_2.tif","ssc_1",-0.000870583128180481,"CPER","2"
"CPER_2020_DEM_mosaic_2025-10-22_3.tif","ssc_1",-0.00183078959851003,"CPER","3"
"CPER_2020_DEM_mosaic_2025-10-22_4.tif","ssc_1",-0.000794344032239484,"CPER","4"
"CPER_2020_DEM_mosaic_2025-10-22_5.tif","ssc_1",-0.00123786906871967,"CPER","5"
"CPER_2020_DEM_mosaic_2025-10-22_6.tif","ssc_1",-0.00101613938381431,"CPER","6"
"CPER_2020_DEM_mosaic_2025-10-22_7.tif","ssc_1",-0.000943595495611167,"CPER","7"
"CPER_2020_DEM_mosaic_2025-10-22_8.tif","ssc_1",-0.00121566624818029,"CPER","8"
"CPER_2020_DEM_mosaic_2025-10-22_9.tif","ssc_1",-0.00281637995149119,"CPER","9"
"WOOD_2019_DEM_mosaic_2025-10-22_1.tif","ssc_1",-0.00234830790290732,"WOOD","1"
"WOOD_2019_DEM_mosaic_2025-10-22_2.tif","ssc_1",-0.00214693249946584,"WOOD","2"
"WOOD_2019_DEM_mosaic_2025-10-22_3.tif","ssc_1",-0.00210158257506471,"WOOD","3"
"WOOD_2019_DEM_mosaic_2025-10-22_4.tif","ssc_1",-0.00230988777199802,"WOOD","4"
"WOOD_2019_DEM_mosaic_2025-10-22_5.tif","ssc_1",-0.00212716127767713,"WOOD","5"
"WOOD_2019_DEM_mosaic_2025-10-22_6.tif","ssc_1",-0.00233511412115595,"WOOD","6"
"WOOD_2019_DEM_mosaic_2025-10-22_7.tif","ssc_1",-0.00279224054720695,"WOOD","7"
"WOOD_2019_DEM_mosaic_2025-10-22_8.tif","ssc_1",-0.0024725570232314,"WOOD","8"
"WOOD_2019_DEM_mosaic_2025-10-22_9.tif","ssc_1",-0.00292904574056157,"WOOD","9"
"ORNL_2018_DEM_mosaic_2025-10-22_1.tif","sv_1",233.255004882812,"ORNL","1"
"ORNL_2018_DEM_mosaic_2025-10-22_2.tif","sv_1",231.805999755859,"ORNL","2"
"ORNL_2018_DEM_mosaic_2025-10-22_3.tif","sv_1",226.559997558594,"ORNL","3"
"ORNL_2018_DEM_mosaic_2025-10-22_4.tif","sv_1",227.317993164062,"ORNL","4"
"ORNL_2018_DEM_mosaic_2025-10-22_5.tif","sv_1",242.470001220703,"ORNL","5"
"ORNL_2018_DEM_mosaic_2025-10-22_6.tif","sv_1",249.225997924805,"ORNL","6"
"ORNL_2018_DEM_mosaic_2025-10-22_7.tif","sv_1",227.490005493164,"ORNL","7"
"ORNL_2018_DEM_mosaic_2025-10-22_8.tif","sv_1",236.333999633789,"ORNL","8"
"ORNL_2018_DEM_mosaic_2025-10-22_9.tif","sv_1",256.680999755859,"ORNL","9"
"RMNP_2020_DEM_mosaic_2025-10-22_1.tif","sv_1",2584.32006835938,"RMNP","1"
"RMNP_2020_DEM_mosaic_2025-10-22_2.tif","sv_1",2619.89990234375,"RMNP","2"
"RMNP_2020_DEM_mosaic_2025-10-22_3.tif","sv_1",2679.15991210938,"RMNP","3"
"RMNP_2020_DEM_mosaic_2025-10-22_4.tif","sv_1",2495.89990234375,"RMNP","4"
"RMNP_2020_DEM_mosaic_2025-10-22_5.tif","sv_1",2564.6298828125,"RMNP","5"
"RMNP_2020_DEM_mosaic_2025-10-22_6.tif","sv_1",2750.9599609375,"RMNP","6"
"RMNP_2020_DEM_mosaic_2025-10-22_7.tif","sv_1",2489.64990234375,"RMNP","7"
"RMNP_2020_DEM_mosaic_2025-10-22_8.tif","sv_1",2611.05004882812,"RMNP","8"
"RMNP_2020_DEM_mosaic_2025-10-22_9.tif","sv_1",2561.6201171875,"RMNP","9"
"CPER_2020_DEM_mosaic_2025-10-22_1.tif","sv_1",1621.41003417969,"CPER","1"
"CPER_2020_DEM_mosaic_2025-10-22_2.tif","sv_1",1627.63000488281,"CPER","2"
"CPER_2020_DEM_mosaic_2025-10-22_3.tif","sv_1",1646.30004882812,"CPER","3"
"CPER_2020_DEM_mosaic_2025-10-22_4.tif","sv_1",1614.11999511719,"CPER","4"
"CPER_2020_DEM_mosaic_2025-10-22_5.tif","sv_1",1626.68005371094,"CPER","5"
"CPER_2020_DEM_mosaic_2025-10-22_6.tif","sv_1",1631.58996582031,"CPER","6"
"CPER_2020_DEM_mosaic_2025-10-22_7.tif","sv_1",1610.93994140625,"CPER","7"
"CPER_2020_DEM_mosaic_2025-10-22_8.tif","sv_1",1620.68994140625,"CPER","8"
"CPER_2020_DEM_mosaic_2025-10-22_9.tif","sv_1",1621.5400390625,"CPER","9"
"WOOD_2019_DEM_mosaic_2025-10-22_1.tif","sv_1",589.549011230469,"WOOD","1"
"WOOD_2019_DEM_mosaic_2025-10-22_2.tif","sv_1",599.976013183594,"WOOD","2"
"WOOD_2019_DEM_mosaic_2025-10-22_3.tif","sv_1",589.653991699219,"WOOD","3"
"WOOD_2019_DEM_mosaic_2025-10-22_4.tif","sv_1",573.453979492188,"WOOD","4"
"WOOD_2019_DEM_mosaic_2025-10-22_5.tif","sv_1",582.129028320312,"WOOD","5"
"WOOD_2019_DEM_mosaic_2025-10-22_6.tif","sv_1",583.585021972656,"WOOD","6"
"WOOD_2019_DEM_mosaic_2025-10-22_7.tif","sv_1",560.3330078125,"WOOD","7"
"WOOD_2019_DEM_mosaic_2025-10-22_8.tif","sv_1",564.578979492188,"WOOD","8"
"WOOD_2019_DEM_mosaic_2025-10-22_9.tif","sv_1",566.960021972656,"WOOD","9"
"ORNL_2018_DEM_mosaic_2025-10-22_1.tif","sph_1",325.557006835938,"ORNL","1"
"ORNL_2018_DEM_mosaic_2025-10-22_2.tif","sph_1",336.980987548828,"ORNL","2"
"ORNL_2018_DEM_mosaic_2025-10-22_3.tif","sph_1",357.889007568359,"ORNL","3"
"ORNL_2018_DEM_mosaic_2025-10-22_4.tif","sph_1",324.992004394531,"ORNL","4"
"ORNL_2018_DEM_mosaic_2025-10-22_5.tif","sph_1",362.7919921875,"ORNL","5"
"ORNL_2018_DEM_mosaic_2025-10-22_6.tif","sph_1",354.954010009766,"ORNL","6"
"ORNL_2018_DEM_mosaic_2025-10-22_7.tif","sph_1",412.803009033203,"ORNL","7"
"ORNL_2018_DEM_mosaic_2025-10-22_8.tif","sph_1",340.878997802734,"ORNL","8"
"ORNL_2018_DEM_mosaic_2025-10-22_9.tif","sph_1",362.994995117188,"ORNL","9"
"RMNP_2020_DEM_mosaic_2025-10-22_1.tif","sph_1",2909.080078125,"RMNP","1"
"RMNP_2020_DEM_mosaic_2025-10-22_2.tif","sph_1",2844.35009765625,"RMNP","2"
"RMNP_2020_DEM_mosaic_2025-10-22_3.tif","sph_1",3019.18994140625,"RMNP","3"
"RMNP_2020_DEM_mosaic_2025-10-22_4.tif","sph_1",2684.69995117188,"RMNP","4"
"RMNP_2020_DEM_mosaic_2025-10-22_5.tif","sph_1",3211.919921875,"RMNP","5"
"RMNP_2020_DEM_mosaic_2025-10-22_6.tif","sph_1",3474.669921875,"RMNP","6"
"RMNP_2020_DEM_mosaic_2025-10-22_7.tif","sph_1",2801.46997070312,"RMNP","7"
"RMNP_2020_DEM_mosaic_2025-10-22_8.tif","sph_1",3177.8798828125,"RMNP","8"
"RMNP_2020_DEM_mosaic_2025-10-22_9.tif","sph_1",3144.169921875,"RMNP","9"
"CPER_2020_DEM_mosaic_2025-10-22_1.tif","sph_1",1671.11999511719,"CPER","1"
"CPER_2020_DEM_mosaic_2025-10-22_2.tif","sph_1",1671.06994628906,"CPER","2"
"CPER_2020_DEM_mosaic_2025-10-22_3.tif","sph_1",1683.41003417969,"CPER","3"
"CPER_2020_DEM_mosaic_2025-10-22_4.tif","sph_1",1657.69995117188,"CPER","4"
"CPER_2020_DEM_mosaic_2025-10-22_5.tif","sph_1",1657.90002441406,"CPER","5"
"CPER_2020_DEM_mosaic_2025-10-22_6.tif","sph_1",1685.81994628906,"CPER","6"
"CPER_2020_DEM_mosaic_2025-10-22_7.tif","sph_1",1663.31994628906,"CPER","7"
"CPER_2020_DEM_mosaic_2025-10-22_8.tif","sph_1",1665.85998535156,"CPER","8"
"CPER_2020_DEM_mosaic_2025-10-22_9.tif","sph_1",1659.34997558594,"CPER","9"
"WOOD_2019_DEM_mosaic_2025-10-22_1.tif","sph_1",633.322021484375,"WOOD","1"
"WOOD_2019_DEM_mosaic_2025-10-22_2.tif","sph_1",641.841003417969,"WOOD","2"
"WOOD_2019_DEM_mosaic_2025-10-22_3.tif","sph_1",637.039978027344,"WOOD","3"
"WOOD_2019_DEM_mosaic_2025-10-22_4.tif","sph_1",612.893981933594,"WOOD","4"
"WOOD_2019_DEM_mosaic_2025-10-22_5.tif","sph_1",626.388000488281,"WOOD","5"
"WOOD_2019_DEM_mosaic_2025-10-22_6.tif","sph_1",628.456970214844,"WOOD","6"
"WOOD_2019_DEM_mosaic_2025-10-22_7.tif","sph_1",596.283996582031,"WOOD","7"
"WOOD_2019_DEM_mosaic_2025-10-22_8.tif","sph_1",602.258972167969,"WOOD","8"
"WOOD_2019_DEM_mosaic_2025-10-22_9.tif","sph_1",598.702026367188,"WOOD","9"
"ORNL_2018_DEM_mosaic_2025-10-22_1.tif","sk_1",56.2040603434863,"ORNL","1"
"ORNL_2018_DEM_mosaic_2025-10-22_2.tif","sk_1",52.8768534240307,"ORNL","2"
"ORNL_2018_DEM_mosaic_2025-10-22_3.tif","sk_1",42.2131179209794,"ORNL","3"
"ORNL_2018_DEM_mosaic_2025-10-22_4.tif","sk_1",36.4522919202551,"ORNL","4"
"ORNL_2018_DEM_mosaic_2025-10-22_5.tif","sk_1",83.3243442836129,"ORNL","5"
"ORNL_2018_DEM_mosaic_2025-10-22_6.tif","sk_1",52.0156995366401,"ORNL","6"
"ORNL_2018_DEM_mosaic_2025-10-22_7.tif","sk_1",46.2039094401041,"ORNL","7"
"ORNL_2018_DEM_mosaic_2025-10-22_8.tif","sk_1",52.9240597528573,"ORNL","8"
"ORNL_2018_DEM_mosaic_2025-10-22_9.tif","sk_1",64.8536182560971,"ORNL","9"
"RMNP_2020_DEM_mosaic_2025-10-22_1.tif","sk_1",129.276819415683,"RMNP","1"
"RMNP_2020_DEM_mosaic_2025-10-22_2.tif","sk_1",130.141207946721,"RMNP","2"
"RMNP_2020_DEM_mosaic_2025-10-22_3.tif","sk_1",97.8120438991436,"RMNP","3"
"RMNP_2020_DEM_mosaic_2025-10-22_4.tif","sk_1",95.8741985896258,"RMNP","4"
"RMNP_2020_DEM_mosaic_2025-10-22_5.tif","sk_1",290.665351354794,"RMNP","5"
"RMNP_2020_DEM_mosaic_2025-10-22_6.tif","sk_1",419.860834819888,"RMNP","6"
"RMNP_2020_DEM_mosaic_2025-10-22_7.tif","sk_1",140.538210940003,"RMNP","7"
"RMNP_2020_DEM_mosaic_2025-10-22_8.tif","sk_1",284.581009886387,"RMNP","8"
"RMNP_2020_DEM_mosaic_2025-10-22_9.tif","sk_1",309.91374528458,"RMNP","9"
"CPER_2020_DEM_mosaic_2025-10-22_1.tif","sk_1",28.9725603349002,"CPER","1"
"CPER_2020_DEM_mosaic_2025-10-22_2.tif","sk_1",20.7911308899536,"CPER","2"
"CPER_2020_DEM_mosaic_2025-10-22_3.tif","sk_1",18.1746963821977,"CPER","3"
"CPER_2020_DEM_mosaic_2025-10-22_4.tif","sk_1",28.4301854867756,"CPER","4"
"CPER_2020_DEM_mosaic_2025-10-22_5.tif","sk_1",14.94231942538,"CPER","5"
"CPER_2020_DEM_mosaic_2025-10-22_6.tif","sk_1",27.5463173404623,"CPER","6"
"CPER_2020_DEM_mosaic_2025-10-22_7.tif","sk_1",28.2224321605922,"CPER","7"
"CPER_2020_DEM_mosaic_2025-10-22_8.tif","sk_1",22.2511197845388,"CPER","8"
"CPER_2020_DEM_mosaic_2025-10-22_9.tif","sk_1",10.6785396181435,"CPER","9"
"WOOD_2019_DEM_mosaic_2025-10-22_1.tif","sk_1",18.8573543691321,"WOOD","1"
"WOOD_2019_DEM_mosaic_2025-10-22_2.tif","sk_1",19.6808101804779,"WOOD","2"
"WOOD_2019_DEM_mosaic_2025-10-22_3.tif","sk_1",20.304999753504,"WOOD","3"
"WOOD_2019_DEM_mosaic_2025-10-22_4.tif","sk_1",19.6168467232434,"WOOD","4"
"WOOD_2019_DEM_mosaic_2025-10-22_5.tif","sk_1",18.3786808804168,"WOOD","5"
"WOOD_2019_DEM_mosaic_2025-10-22_6.tif","sk_1",26.733055682891,"WOOD","6"
"WOOD_2019_DEM_mosaic_2025-10-22_7.tif","sk_1",14.961653374602,"WOOD","7"
"WOOD_2019_DEM_mosaic_2025-10-22_8.tif","sk_1",12.8540716410009,"WOOD","8"
"WOOD_2019_DEM_mosaic_2025-10-22_9.tif","sk_1",19.4324761646174,"WOOD","9"
"ORNL_2018_DEM_mosaic_2025-10-22_1.tif","smean_1",272.950148052598,"ORNL","1"
"ORNL_2018_DEM_mosaic_2025-10-22_2.tif","smean_1",271.825645145388,"ORNL","2"
"ORNL_2018_DEM_mosaic_2025-10-22_3.tif","smean_1",267.450882808949,"ORNL","3"
"ORNL_2018_DEM_mosaic_2025-10-22_4.tif","smean_1",262.27079183437,"ORNL","4"
"ORNL_2018_DEM_mosaic_2025-10-22_5.tif","smean_1",289.775067579877,"ORNL","5"
"ORNL_2018_DEM_mosaic_2025-10-22_6.tif","smean_1",287.111155100866,"ORNL","6"
"ORNL_2018_DEM_mosaic_2025-10-22_7.tif","smean_1",274.029366571803,"ORNL","7"
"ORNL_2018_DEM_mosaic_2025-10-22_8.tif","smean_1",276.574479660638,"ORNL","8"
"ORNL_2018_DEM_mosaic_2025-10-22_9.tif","smean_1",297.770137954215,"ORNL","9"
"RMNP_2020_DEM_mosaic_2025-10-22_1.tif","smean_1",2678.2021620953,"RMNP","1"
"RMNP_2020_DEM_mosaic_2025-10-22_2.tif","smean_1",2718.79000950727,"RMNP","2"
"RMNP_2020_DEM_mosaic_2025-10-22_3.tif","smean_1",2779.76612951921,"RMNP","3"
"RMNP_2020_DEM_mosaic_2025-10-22_4.tif","smean_1",2579.89681511135,"RMNP","4"
"RMNP_2020_DEM_mosaic_2025-10-22_5.tif","smean_1",2795.67622493155,"RMNP","5"
"RMNP_2020_DEM_mosaic_2025-10-22_6.tif","smean_1",3151.75837315033,"RMNP","6"
"RMNP_2020_DEM_mosaic_2025-10-22_7.tif","smean_1",2641.67954277547,"RMNP","7"
"RMNP_2020_DEM_mosaic_2025-10-22_8.tif","smean_1",2851.34978993226,"RMNP","8"
"RMNP_2020_DEM_mosaic_2025-10-22_9.tif","smean_1",2782.87049460023,"RMNP","9"
"CPER_2020_DEM_mosaic_2025-10-22_1.tif","smean_1",1646.33257166631,"CPER","1"
"CPER_2020_DEM_mosaic_2025-10-22_2.tif","smean_1",1650.42697281369,"CPER","2"
"CPER_2020_DEM_mosaic_2025-10-22_3.tif","smean_1",1662.82564694467,"CPER","3"
"CPER_2020_DEM_mosaic_2025-10-22_4.tif","smean_1",1637.96664174115,"CPER","4"
"CPER_2020_DEM_mosaic_2025-10-22_5.tif","smean_1",1646.3692486009,"CPER","5"
"CPER_2020_DEM_mosaic_2025-10-22_6.tif","smean_1",1653.69314905059,"CPER","6"
"CPER_2020_DEM_mosaic_2025-10-22_7.tif","smean_1",1637.55801777466,"CPER","7"
"CPER_2020_DEM_mosaic_2025-10-22_8.tif","smean_1",1643.02213464499,"CPER","8"
"CPER_2020_DEM_mosaic_2025-10-22_9.tif","smean_1",1637.31012439924,"CPER","9"
"WOOD_2019_DEM_mosaic_2025-10-22_1.tif","smean_1",608.309338223919,"WOOD","1"
"WOOD_2019_DEM_mosaic_2025-10-22_2.tif","smean_1",618.017142946787,"WOOD","2"
"WOOD_2019_DEM_mosaic_2025-10-22_3.tif","smean_1",611.177216434212,"WOOD","3"
"WOOD_2019_DEM_mosaic_2025-10-22_4.tif","smean_1",590.845674160667,"WOOD","4"
"WOOD_2019_DEM_mosaic_2025-10-22_5.tif","smean_1",599.771523096578,"WOOD","5"
"WOOD_2019_DEM_mosaic_2025-10-22_6.tif","smean_1",600.600914851487,"WOOD","6"
"WOOD_2019_DEM_mosaic_2025-10-22_7.tif","smean_1",577.585029919737,"WOOD","7"
"WOOD_2019_DEM_mosaic_2025-10-22_8.tif","smean_1",583.995057889662,"WOOD","8"
"WOOD_2019_DEM_mosaic_2025-10-22_9.tif","smean_1",582.028516472872,"WOOD","9"
"ORNL_2018_DEM_mosaic_2025-10-22_1.tif","spk_1",25.4858861831055,"ORNL","1"
"ORNL_2018_DEM_mosaic_2025-10-22_2.tif","spk_1",42.1938113131486,"ORNL","2"
"ORNL_2018_DEM_mosaic_2025-10-22_3.tif","spk_1",76.7407556022949,"ORNL","3"
"ORNL_2018_DEM_mosaic_2025-10-22_4.tif","spk_1",49.0227748265305,"ORNL","4"
"ORNL_2018_DEM_mosaic_2025-10-22_5.tif","spk_1",30.7289528054962,"ORNL","5"
"ORNL_2018_DEM_mosaic_2025-10-22_6.tif","spk_1",45.2108473029784,"ORNL","6"
"ORNL_2018_DEM_mosaic_2025-10-22_7.tif","spk_1",132.885755028297,"ORNL","7"
"ORNL_2018_DEM_mosaic_2025-10-22_8.tif","spk_1",43.9617787357025,"ORNL","8"
"ORNL_2018_DEM_mosaic_2025-10-22_9.tif","spk_1",35.4298755813218,"ORNL","9"
"RMNP_2020_DEM_mosaic_2025-10-22_1.tif","spk_1",174.918604312011,"RMNP","1"
"RMNP_2020_DEM_mosaic_2025-10-22_2.tif","spk_1",65.9087860156856,"RMNP","2"
"RMNP_2020_DEM_mosaic_2025-10-22_3.tif","spk_1",212.257619723877,"RMNP","3"
"RMNP_2020_DEM_mosaic_2025-10-22_4.tif","spk_1",58.1385744496461,"RMNP","4"
"RMNP_2020_DEM_mosaic_2025-10-22_5.tif","spk_1",321.217447411376,"RMNP","5"
"RMNP_2020_DEM_mosaic_2025-10-22_6.tif","spk_1",99.4493141528928,"RMNP","6"
"RMNP_2020_DEM_mosaic_2025-10-22_7.tif","spk_1",82.6791747146603,"RMNP","7"
"RMNP_2020_DEM_mosaic_2025-10-22_8.tif","spk_1",203.898066142333,"RMNP","8"
"RMNP_2020_DEM_mosaic_2025-10-22_9.tif","spk_1",232.207956049011,"RMNP","9"
"CPER_2020_DEM_mosaic_2025-10-22_1.tif","spk_1",9.56909315924099,"CPER","1"
"CPER_2020_DEM_mosaic_2025-10-22_2.tif","spk_1",10.2487399006345,"CPER","2"
"CPER_2020_DEM_mosaic_2025-10-22_3.tif","spk_1",12.2684418220224,"CPER","3"
"CPER_2020_DEM_mosaic_2025-10-22_4.tif","spk_1",3.60969350933829,"CPER","4"
"CPER_2020_DEM_mosaic_2025-10-22_5.tif","spk_1",2.93978535522456,"CPER","5"
"CPER_2020_DEM_mosaic_2025-10-22_6.tif","spk_1",18.4792115761111,"CPER","6"
"CPER_2020_DEM_mosaic_2025-10-22_7.tif","spk_1",10.779250490845,"CPER","7"
"CPER_2020_DEM_mosaic_2025-10-22_8.tif","spk_1",7.34961283203143,"CPER","8"
"CPER_2020_DEM_mosaic_2025-10-22_9.tif","spk_1",17.4284039326781,"CPER","9"
"WOOD_2019_DEM_mosaic_2025-10-22_1.tif","spk_1",15.641869756546,"WOOD","1"
"WOOD_2019_DEM_mosaic_2025-10-22_2.tif","spk_1",14.963871260254,"WOOD","2"
"WOOD_2019_DEM_mosaic_2025-10-22_3.tif","spk_1",15.8698879821167,"WOOD","3"
"WOOD_2019_DEM_mosaic_2025-10-22_4.tif","spk_1",12.6288485295411,"WOOD","4"
"WOOD_2019_DEM_mosaic_2025-10-22_5.tif","spk_1",18.6208085256347,"WOOD","5"
"WOOD_2019_DEM_mosaic_2025-10-22_6.tif","spk_1",14.8118906311036,"WOOD","6"
"WOOD_2019_DEM_mosaic_2025-10-22_7.tif","spk_1",10.5849316866149,"WOOD","7"
"WOOD_2019_DEM_mosaic_2025-10-22_8.tif","spk_1",10.8188628610841,"WOOD","8"
"WOOD_2019_DEM_mosaic_2025-10-22_9.tif","spk_1",5.6839865112305,"WOOD","9"
"ORNL_2018_DEM_mosaic_2025-10-22_1.tif","svk_1",10.6129206778909,"ORNL","1"
"ORNL_2018_DEM_mosaic_2025-10-22_2.tif","svk_1",10.1049084175112,"ORNL","2"
"ORNL_2018_DEM_mosaic_2025-10-22_3.tif","svk_1",12.3759673751909,"ORNL","3"
"ORNL_2018_DEM_mosaic_2025-10-22_4.tif","svk_1",12.1999562053221,"ORNL","4"
"ORNL_2018_DEM_mosaic_2025-10-22_5.tif","svk_1",6.26996417531552,"ORNL","5"
"ORNL_2018_DEM_mosaic_2025-10-22_6.tif","svk_1",8.50195958168786,"ORNL","6"
"ORNL_2018_DEM_mosaic_2025-10-22_7.tif","svk_1",6.22394752589423,"ORNL","7"
"ORNL_2018_DEM_mosaic_2025-10-22_8.tif","svk_1",7.65996578230295,"ORNL","8"
"ORNL_2018_DEM_mosaic_2025-10-22_9.tif","svk_1",6.03098113858039,"ORNL","9"
"RMNP_2020_DEM_mosaic_2025-10-22_1.tif","svk_1",20.5693725581064,"RMNP","1"
"RMNP_2020_DEM_mosaic_2025-10-22_2.tif","svk_1",28.3996624746678,"RMNP","2"
"RMNP_2020_DEM_mosaic_2025-10-22_3.tif","svk_1",29.9597742077622,"RMNP","3"
"RMNP_2020_DEM_mosaic_2025-10-22_4.tif","svk_1",34.799014929441,"RMNP","4"
"RMNP_2020_DEM_mosaic_2025-10-22_5.tif","svk_1",35.4199494193113,"RMNP","5"
"RMNP_2020_DEM_mosaic_2025-10-22_6.tif","svk_1",204.408731725221,"RMNP","6"
"RMNP_2020_DEM_mosaic_2025-10-22_7.tif","svk_1",88.6085158215969,"RMNP","7"
"RMNP_2020_DEM_mosaic_2025-10-22_8.tif","svk_1",78.3590375406507,"RMNP","8"
"RMNP_2020_DEM_mosaic_2025-10-22_9.tif","svk_1",40.4394553170177,"RMNP","9"
"CPER_2020_DEM_mosaic_2025-10-22_1.tif","svk_1",11.1685853685938,"CPER","1"
"CPER_2020_DEM_mosaic_2025-10-22_2.tif","svk_1",12.4089112866809,"CPER","2"
"CPER_2020_DEM_mosaic_2025-10-22_3.tif","svk_1",6.67902432043479,"CPER","3"
"CPER_2020_DEM_mosaic_2025-10-22_4.tif","svk_1",11.5482002521385,"CPER","4"
"CPER_2020_DEM_mosaic_2025-10-22_5.tif","svk_1",13.3484117427388,"CPER","5"
"CPER_2020_DEM_mosaic_2025-10-22_6.tif","svk_1",8.20936260498115,"CPER","6"
"CPER_2020_DEM_mosaic_2025-10-22_7.tif","svk_1",13.3886715631065,"CPER","7"
"CPER_2020_DEM_mosaic_2025-10-22_8.tif","svk_1",15.5766381714507,"CPER","8"
"CPER_2020_DEM_mosaic_2025-10-22_9.tif","svk_1",9.71878162054622,"CPER","9"
"WOOD_2019_DEM_mosaic_2025-10-22_1.tif","svk_1",9.27480078540066,"WOOD","1"
"WOOD_2019_DEM_mosaic_2025-10-22_2.tif","svk_1",7.22195990600585,"WOOD","2"
"WOOD_2019_DEM_mosaic_2025-10-22_3.tif","svk_1",11.2119483894044,"WOOD","3"
"WOOD_2019_DEM_mosaic_2025-10-22_4.tif","svk_1",7.19493330200203,"WOOD","4"
"WOOD_2019_DEM_mosaic_2025-10-22_5.tif","svk_1",7.25984355273431,"WOOD","5"
"WOOD_2019_DEM_mosaic_2025-10-22_6.tif","svk_1",3.32800068406652,"WOOD","6"
"WOOD_2019_DEM_mosaic_2025-10-22_7.tif","svk_1",10.405835556137,"WOOD","7"
"WOOD_2019_DEM_mosaic_2025-10-22_8.tif","svk_1",14.0078057770997,"WOOD","8"
"WOOD_2019_DEM_mosaic_2025-10-22_9.tif","svk_1",6.6267928601078,"WOOD","9"
"ORNL_2018_DEM_mosaic_2025-10-22_1.tif","scl_1",1033.08325195312,"ORNL","1"
"ORNL_2018_DEM_mosaic_2025-10-22_1.tif","scl_2",1413.50659179688,"ORNL","1"
"ORNL_2018_DEM_mosaic_2025-10-22_2.tif","scl_1",1026.71899414062,"ORNL","2"
"ORNL_2018_DEM_mosaic_2025-10-22_2.tif","scl_2",1413.50659179688,"ORNL","2"
"ORNL_2018_DEM_mosaic_2025-10-22_3.tif","scl_1",1035.07727050781,"ORNL","3"
"ORNL_2018_DEM_mosaic_2025-10-22_3.tif","scl_2",1413.50659179688,"ORNL","3"
"ORNL_2018_DEM_mosaic_2025-10-22_4.tif","scl_1",1004.09161376953,"ORNL","4"
"ORNL_2018_DEM_mosaic_2025-10-22_4.tif","scl_2",1413.50659179688,"ORNL","4"
"ORNL_2018_DEM_mosaic_2025-10-22_5.tif","scl_1",981.546752929688,"ORNL","5"
"ORNL_2018_DEM_mosaic_2025-10-22_5.tif","scl_2",1413.50659179688,"ORNL","5"
"ORNL_2018_DEM_mosaic_2025-10-22_6.tif","scl_1",1005.60528564453,"ORNL","6"
"ORNL_2018_DEM_mosaic_2025-10-22_6.tif","scl_2",1413.50659179688,"ORNL","6"
"ORNL_2018_DEM_mosaic_2025-10-22_7.tif","scl_1",1052.47180175781,"ORNL","7"
"ORNL_2018_DEM_mosaic_2025-10-22_7.tif","scl_2",1413.50659179688,"ORNL","7"
"ORNL_2018_DEM_mosaic_2025-10-22_8.tif","scl_1",1038.03271484375,"ORNL","8"
"ORNL_2018_DEM_mosaic_2025-10-22_8.tif","scl_2",1413.50659179688,"ORNL","8"
"ORNL_2018_DEM_mosaic_2025-10-22_9.tif","scl_1",1006.03179931641,"ORNL","9"
"ORNL_2018_DEM_mosaic_2025-10-22_9.tif","scl_2",1413.50659179688,"ORNL","9"
"RMNP_2020_DEM_mosaic_2025-10-22_1.tif","scl_1",1030.96166992188,"RMNP","1"
"RMNP_2020_DEM_mosaic_2025-10-22_1.tif","scl_2",1413.50659179688,"RMNP","1"
"RMNP_2020_DEM_mosaic_2025-10-22_2.tif","scl_1",1028.84057617188,"RMNP","2"
"RMNP_2020_DEM_mosaic_2025-10-22_2.tif","scl_2",1413.50659179688,"RMNP","2"
"RMNP_2020_DEM_mosaic_2025-10-22_3.tif","scl_1",1033.12390136719,"RMNP","3"
"RMNP_2020_DEM_mosaic_2025-10-22_3.tif","scl_2",1413.50659179688,"RMNP","3"
"RMNP_2020_DEM_mosaic_2025-10-22_4.tif","scl_1",1032.37585449219,"RMNP","4"
"RMNP_2020_DEM_mosaic_2025-10-22_4.tif","scl_2",1413.50659179688,"RMNP","4"
"RMNP_2020_DEM_mosaic_2025-10-22_5.tif","scl_1",1028.84057617188,"RMNP","5"
"RMNP_2020_DEM_mosaic_2025-10-22_5.tif","scl_2",1413.50659179688,"RMNP","5"
"RMNP_2020_DEM_mosaic_2025-10-22_6.tif","scl_1",1012.57690429688,"RMNP","6"
"RMNP_2020_DEM_mosaic_2025-10-22_6.tif","scl_2",1413.50659179688,"RMNP","6"
"RMNP_2020_DEM_mosaic_2025-10-22_7.tif","scl_1",1031.66906738281,"RMNP","7"
"RMNP_2020_DEM_mosaic_2025-10-22_7.tif","scl_2",1413.50659179688,"RMNP","7"
"RMNP_2020_DEM_mosaic_2025-10-22_8.tif","scl_1",1030.5517578125,"RMNP","8"
"RMNP_2020_DEM_mosaic_2025-10-22_8.tif","scl_2",1413.50659179688,"RMNP","8"
"RMNP_2020_DEM_mosaic_2025-10-22_9.tif","scl_1",1035.20434570312,"RMNP","9"
"RMNP_2020_DEM_mosaic_2025-10-22_9.tif","scl_2",1413.50659179688,"RMNP","9"
"CPER_2020_DEM_mosaic_2025-10-22_1.tif","scl_1",1028.84057617188,"CPER","1"
"CPER_2020_DEM_mosaic_2025-10-22_1.tif","scl_2",1413.50659179688,"CPER","1"
"CPER_2020_DEM_mosaic_2025-10-22_2.tif","scl_1",1028.84057617188,"CPER","2"
"CPER_2020_DEM_mosaic_2025-10-22_2.tif","scl_2",1413.50659179688,"CPER","2"
"CPER_2020_DEM_mosaic_2025-10-22_3.tif","scl_1",1028.13330078125,"CPER","3"
"CPER_2020_DEM_mosaic_2025-10-22_3.tif","scl_2",1413.50659179688,"CPER","3"
"CPER_2020_DEM_mosaic_2025-10-22_4.tif","scl_1",1028.13330078125,"CPER","4"
"CPER_2020_DEM_mosaic_2025-10-22_4.tif","scl_2",1413.50659179688,"CPER","4"
"CPER_2020_DEM_mosaic_2025-10-22_5.tif","scl_1",1028.13330078125,"CPER","5"
"CPER_2020_DEM_mosaic_2025-10-22_5.tif","scl_2",1413.50659179688,"CPER","5"
"CPER_2020_DEM_mosaic_2025-10-22_6.tif","scl_1",1026.71899414062,"CPER","6"
"CPER_2020_DEM_mosaic_2025-10-22_6.tif","scl_2",1413.50659179688,"CPER","6"
"CPER_2020_DEM_mosaic_2025-10-22_7.tif","scl_1",1027.42639160156,"CPER","7"
"CPER_2020_DEM_mosaic_2025-10-22_7.tif","scl_2",1413.50659179688,"CPER","7"
"CPER_2020_DEM_mosaic_2025-10-22_8.tif","scl_1",1028.84057617188,"CPER","8"
"CPER_2020_DEM_mosaic_2025-10-22_8.tif","scl_2",1413.50659179688,"CPER","8"
"CPER_2020_DEM_mosaic_2025-10-22_9.tif","scl_1",1029.54748535156,"CPER","9"
"CPER_2020_DEM_mosaic_2025-10-22_9.tif","scl_2",1413.50659179688,"CPER","9"
"WOOD_2019_DEM_mosaic_2025-10-22_1.tif","scl_1",1027.42639160156,"WOOD","1"
"WOOD_2019_DEM_mosaic_2025-10-22_1.tif","scl_2",1413.50659179688,"WOOD","1"
"WOOD_2019_DEM_mosaic_2025-10-22_2.tif","scl_1",1030.96166992188,"WOOD","2"
"WOOD_2019_DEM_mosaic_2025-10-22_2.tif","scl_2",1413.50659179688,"WOOD","2"
"WOOD_2019_DEM_mosaic_2025-10-22_3.tif","scl_1",1029.54748535156,"WOOD","3"
"WOOD_2019_DEM_mosaic_2025-10-22_3.tif","scl_2",1413.50659179688,"WOOD","3"
"WOOD_2019_DEM_mosaic_2025-10-22_4.tif","scl_1",1028.13330078125,"WOOD","4"
"WOOD_2019_DEM_mosaic_2025-10-22_4.tif","scl_2",1413.50659179688,"WOOD","4"
"WOOD_2019_DEM_mosaic_2025-10-22_5.tif","scl_1",1030.2548828125,"WOOD","5"
"WOOD_2019_DEM_mosaic_2025-10-22_5.tif","scl_2",1413.50659179688,"WOOD","5"
"WOOD_2019_DEM_mosaic_2025-10-22_6.tif","scl_1",1027.42639160156,"WOOD","6"
"WOOD_2019_DEM_mosaic_2025-10-22_6.tif","scl_2",1413.50659179688,"WOOD","6"
"WOOD_2019_DEM_mosaic_2025-10-22_7.tif","scl_1",1031.66906738281,"WOOD","7"
"WOOD_2019_DEM_mosaic_2025-10-22_7.tif","scl_2",1413.50659179688,"WOOD","7"
"WOOD_2019_DEM_mosaic_2025-10-22_8.tif","scl_1",1026.71899414062,"WOOD","8"
"WOOD_2019_DEM_mosaic_2025-10-22_8.tif","scl_2",1413.50659179688,"WOOD","8"
"WOOD_2019_DEM_mosaic_2025-10-22_9.tif","scl_1",1030.2548828125,"WOOD","9"
"WOOD_2019_DEM_mosaic_2025-10-22_9.tif","scl_2",1413.50659179688,"WOOD","9"
"ORNL_2018_DEM_mosaic_2025-10-22_1.tif","sdc_1",16.5030212402344,"ORNL","1"
"ORNL_2018_DEM_mosaic_2025-10-22_2.tif","sdc_1",22.72998046875,"ORNL","2"
"ORNL_2018_DEM_mosaic_2025-10-22_3.tif","sdc_1",41.2279968261719,"ORNL","3"
"ORNL_2018_DEM_mosaic_2025-10-22_4.tif","sdc_1",27.968017578125,"ORNL","4"
"ORNL_2018_DEM_mosaic_2025-10-22_5.tif","sdc_1",30.6189880371094,"ORNL","5"
"ORNL_2018_DEM_mosaic_2025-10-22_6.tif","sdc_1",28.1490173339844,"ORNL","6"
"ORNL_2018_DEM_mosaic_2025-10-22_7.tif","sdc_1",37.9700012207031,"ORNL","7"
"ORNL_2018_DEM_mosaic_2025-10-22_8.tif","sdc_1",19.7269897460938,"ORNL","8"
"ORNL_2018_DEM_mosaic_2025-10-22_9.tif","sdc_1",29.4840087890625,"ORNL","9"
"RMNP_2020_DEM_mosaic_2025-10-22_1.tif","sdc_1",145.25,"RMNP","1"
"RMNP_2020_DEM_mosaic_2025-10-22_2.tif","sdc_1",41.64013671875,"RMNP","2"
"RMNP_2020_DEM_mosaic_2025-10-22_3.tif","sdc_1",86.60986328125,"RMNP","3"
"RMNP_2020_DEM_mosaic_2025-10-22_4.tif","sdc_1",35.239990234375,"RMNP","4"
"RMNP_2020_DEM_mosaic_2025-10-22_5.tif","sdc_1",111.199951171875,"RMNP","5"
"RMNP_2020_DEM_mosaic_2025-10-22_6.tif","sdc_1",86.97998046875,"RMNP","6"
"RMNP_2020_DEM_mosaic_2025-10-22_7.tif","sdc_1",72.64990234375,"RMNP","7"
"RMNP_2020_DEM_mosaic_2025-10-22_8.tif","sdc_1",60.719970703125,"RMNP","8"
"RMNP_2020_DEM_mosaic_2025-10-22_9.tif","sdc_1",111.89990234375,"RMNP","9"
"CPER_2020_DEM_mosaic_2025-10-22_1.tif","sdc_1",8.1700439453125,"CPER","1"
"CPER_2020_DEM_mosaic_2025-10-22_2.tif","sdc_1",8.0599365234375,"CPER","2"
"CPER_2020_DEM_mosaic_2025-10-22_3.tif","sdc_1",6.9100341796875,"CPER","3"
"CPER_2020_DEM_mosaic_2025-10-22_4.tif","sdc_1",4.3499755859375,"CPER","4"
"CPER_2020_DEM_mosaic_2025-10-22_5.tif","sdc_1",3.3699951171875,"CPER","5"
"CPER_2020_DEM_mosaic_2025-10-22_6.tif","sdc_1",16.639892578125,"CPER","6"
"CPER_2020_DEM_mosaic_2025-10-22_7.tif","sdc_1",9.389892578125,"CPER","7"
"CPER_2020_DEM_mosaic_2025-10-22_8.tif","sdc_1",8.1700439453125,"CPER","8"
"CPER_2020_DEM_mosaic_2025-10-22_9.tif","sdc_1",9.9000244140625,"CPER","9"
"WOOD_2019_DEM_mosaic_2025-10-22_1.tif","sdc_1",9.11102294921875,"WOOD","1"
"WOOD_2019_DEM_mosaic_2025-10-22_2.tif","sdc_1",9.72601318359375,"WOOD","2"
"WOOD_2019_DEM_mosaic_2025-10-22_3.tif","sdc_1",13.02197265625,"WOOD","3"
"WOOD_2019_DEM_mosaic_2025-10-22_4.tif","sdc_1",9.4749755859375,"WOOD","4"
"WOOD_2019_DEM_mosaic_2025-10-22_5.tif","sdc_1",8.16998291015625,"WOOD","5"
"WOOD_2019_DEM_mosaic_2025-10-22_6.tif","sdc_1",14.1499633789062,"WOOD","6"
"WOOD_2019_DEM_mosaic_2025-10-22_7.tif","sdc_1",9.1929931640625,"WOOD","7"
"WOOD_2019_DEM_mosaic_2025-10-22_8.tif","sdc_1",8.5260009765625,"WOOD","8"
"WOOD_2019_DEM_mosaic_2025-10-22_9.tif","sdc_1",6.258056640625,"WOOD","9"
"ORNL_2018_DEM_mosaic_2025-10-22_1.tif","curvature_1",0.000473211418922869,"ORNL","1"
"ORNL_2018_DEM_mosaic_2025-10-22_2.tif","curvature_1",0.000696666380414794,"ORNL","2"
"ORNL_2018_DEM_mosaic_2025-10-22_3.tif","curvature_1",0.000509645457113623,"ORNL","3"
"ORNL_2018_DEM_mosaic_2025-10-22_4.tif","curvature_1",0.000556041412748484,"ORNL","4"
"ORNL_2018_DEM_mosaic_2025-10-22_5.tif","curvature_1",0.000384418142027127,"ORNL","5"
"ORNL_2018_DEM_mosaic_2025-10-22_6.tif","curvature_1",0.000504244878000031,"ORNL","6"
"ORNL_2018_DEM_mosaic_2025-10-22_7.tif","curvature_1",0.00048663187479407,"ORNL","7"
"ORNL_2018_DEM_mosaic_2025-10-22_8.tif","curvature_1",0.000715146689950344,"ORNL","8"
"ORNL_2018_DEM_mosaic_2025-10-22_9.tif","curvature_1",0.000515456961399081,"ORNL","9"
"RMNP_2020_DEM_mosaic_2025-10-22_1.tif","curvature_1",0.00150843146689035,"RMNP","1"
"RMNP_2020_DEM_mosaic_2025-10-22_2.tif","curvature_1",0.000737007797830674,"RMNP","2"
"RMNP_2020_DEM_mosaic_2025-10-22_3.tif","curvature_1",0.000295522289979582,"RMNP","3"
"RMNP_2020_DEM_mosaic_2025-10-22_4.tif","curvature_1",0.000808561776940887,"RMNP","4"
"RMNP_2020_DEM_mosaic_2025-10-22_5.tif","curvature_1",0.000165981966181066,"RMNP","5"
"RMNP_2020_DEM_mosaic_2025-10-22_6.tif","curvature_1",-0.000499608101530401,"RMNP","6"
"RMNP_2020_DEM_mosaic_2025-10-22_7.tif","curvature_1",0.000669348294002103,"RMNP","7"
"RMNP_2020_DEM_mosaic_2025-10-22_8.tif","curvature_1",-0.000819596112248361,"RMNP","8"
"RMNP_2020_DEM_mosaic_2025-10-22_9.tif","curvature_1",-0.000599155305300284,"RMNP","9"
"CPER_2020_DEM_mosaic_2025-10-22_1.tif","curvature_1",-5.95117863687647e-05,"CPER","1"
"CPER_2020_DEM_mosaic_2025-10-22_2.tif","curvature_1",-4.42366399114795e-05,"CPER","2"
"CPER_2020_DEM_mosaic_2025-10-22_3.tif","curvature_1",0.000405597103659303,"CPER","3"
"CPER_2020_DEM_mosaic_2025-10-22_4.tif","curvature_1",7.49656960487446e-05,"CPER","4"
"CPER_2020_DEM_mosaic_2025-10-22_5.tif","curvature_1",0.000249292334448645,"CPER","5"
"CPER_2020_DEM_mosaic_2025-10-22_6.tif","curvature_1",0.000276329752189396,"CPER","6"
"CPER_2020_DEM_mosaic_2025-10-22_7.tif","curvature_1",4.17648592363476e-05,"CPER","7"
"CPER_2020_DEM_mosaic_2025-10-22_8.tif","curvature_1",0.000213817233573018,"CPER","8"
"CPER_2020_DEM_mosaic_2025-10-22_9.tif","curvature_1",0.00409941587413965,"CPER","9"
"WOOD_2019_DEM_mosaic_2025-10-22_1.tif","curvature_1",0.00191467178139041,"WOOD","1"
"WOOD_2019_DEM_mosaic_2025-10-22_2.tif","curvature_1",0.00034599964397233,"WOOD","2"
"WOOD_2019_DEM_mosaic_2025-10-22_3.tif","curvature_1",0.000983657858530947,"WOOD","3"
"WOOD_2019_DEM_mosaic_2025-10-22_4.tif","curvature_1",0.00116070727243134,"WOOD","4"
"WOOD_2019_DEM_mosaic_2025-10-22_5.tif","curvature_1",0.00144118276739893,"WOOD","5"
"WOOD_2019_DEM_mosaic_2025-10-22_6.tif","curvature_1",0.00150635340714421,"WOOD","6"
"WOOD_2019_DEM_mosaic_2025-10-22_7.tif","curvature_1",0.00147817689083557,"WOOD","7"
"WOOD_2019_DEM_mosaic_2025-10-22_8.tif","curvature_1",0.00158575640890381,"WOOD","8"
"WOOD_2019_DEM_mosaic_2025-10-22_9.tif","curvature_1",0.00153755079407945,"WOOD","9"
"ORNL_2018_DEM_mosaic_2025-10-22_1.tif","tpi_1",1.71188806426846e-06,"ORNL","1"
"ORNL_2018_DEM_mosaic_2025-10-22_2.tif","tpi_1",-3.14720618216046e-06,"ORNL","2"
"ORNL_2018_DEM_mosaic_2025-10-22_3.tif","tpi_1",2.54965021078573e-05,"ORNL","3"
"ORNL_2018_DEM_mosaic_2025-10-22_4.tif","tpi_1",8.91380546605329e-06,"ORNL","4"
"ORNL_2018_DEM_mosaic_2025-10-22_5.tif","tpi_1",3.03062372280283e-05,"ORNL","5"
"ORNL_2018_DEM_mosaic_2025-10-22_6.tif","tpi_1",-8.61555649197267e-06,"ORNL","6"
"ORNL_2018_DEM_mosaic_2025-10-22_7.tif","tpi_1",1.49739131753846e-05,"ORNL","7"
"ORNL_2018_DEM_mosaic_2025-10-22_8.tif","tpi_1",-4.95158378658667e-06,"ORNL","8"
"ORNL_2018_DEM_mosaic_2025-10-22_9.tif","tpi_1",1.02803355130337e-05,"ORNL","9"
"RMNP_2020_DEM_mosaic_2025-10-22_1.tif","tpi_1",-4.60339435110976e-05,"RMNP","1"
"RMNP_2020_DEM_mosaic_2025-10-22_2.tif","tpi_1",-1.84430566349685e-05,"RMNP","2"
"RMNP_2020_DEM_mosaic_2025-10-22_3.tif","tpi_1",-6.09787011654859e-05,"RMNP","3"
"RMNP_2020_DEM_mosaic_2025-10-22_4.tif","tpi_1",-6.30744500834299e-05,"RMNP","4"
"RMNP_2020_DEM_mosaic_2025-10-22_5.tif","tpi_1",-3.62974392234041e-05,"RMNP","5"
"RMNP_2020_DEM_mosaic_2025-10-22_6.tif","tpi_1",0.000139465912584908,"RMNP","6"
"RMNP_2020_DEM_mosaic_2025-10-22_7.tif","tpi_1",2.07003494538608e-05,"RMNP","7"
"RMNP_2020_DEM_mosaic_2025-10-22_8.tif","tpi_1",0.000119530757848725,"RMNP","8"
"RMNP_2020_DEM_mosaic_2025-10-22_9.tif","tpi_1",-0.000124178415214923,"RMNP","9"
"CPER_2020_DEM_mosaic_2025-10-22_1.tif","tpi_1",1.07008649059121e-05,"CPER","1"
"CPER_2020_DEM_mosaic_2025-10-22_2.tif","tpi_1",-5.21281299126885e-06,"CPER","2"
"CPER_2020_DEM_mosaic_2025-10-22_3.tif","tpi_1",5.20215121611558e-06,"CPER","3"
"CPER_2020_DEM_mosaic_2025-10-22_4.tif","tpi_1",-4.65706881202576e-07,"CPER","4"
"CPER_2020_DEM_mosaic_2025-10-22_5.tif","tpi_1",-8.25518687873084e-06,"CPER","5"
"CPER_2020_DEM_mosaic_2025-10-22_6.tif","tpi_1",8.49476423492636e-08,"CPER","6"
"CPER_2020_DEM_mosaic_2025-10-22_7.tif","tpi_1",2.93306521012477e-06,"CPER","7"
"CPER_2020_DEM_mosaic_2025-10-22_8.tif","tpi_1",8.0205632709243e-06,"CPER","8"
"CPER_2020_DEM_mosaic_2025-10-22_9.tif","tpi_1",-7.75000288951324e-06,"CPER","9"
"WOOD_2019_DEM_mosaic_2025-10-22_1.tif","tpi_1",1.08812452887094e-06,"WOOD","1"
"WOOD_2019_DEM_mosaic_2025-10-22_2.tif","tpi_1",8.0723822840688e-06,"WOOD","2"
"WOOD_2019_DEM_mosaic_2025-10-22_3.tif","tpi_1",-1.33608724735647e-06,"WOOD","3"
"WOOD_2019_DEM_mosaic_2025-10-22_4.tif","tpi_1",-4.3249450035398e-06,"WOOD","4"
"WOOD_2019_DEM_mosaic_2025-10-22_5.tif","tpi_1",-7.00046107121246e-06,"WOOD","5"
"WOOD_2019_DEM_mosaic_2025-10-22_6.tif","tpi_1",2.30016416312992e-06,"WOOD","6"
"WOOD_2019_DEM_mosaic_2025-10-22_7.tif","tpi_1",1.43056355393518e-06,"WOOD","7"
"WOOD_2019_DEM_mosaic_2025-10-22_8.tif","tpi_1",1.37021478067006e-07,"WOOD","8"
"WOOD_2019_DEM_mosaic_2025-10-22_9.tif","tpi_1",-5.90718063291244e-06,"WOOD","9"
"ORNL_2018_DEM_mosaic_2025-10-22_1.tif","tri_1",0.476783040467796,"ORNL","1"
"ORNL_2018_DEM_mosaic_2025-10-22_2.tif","tri_1",0.587982294500878,"ORNL","2"
"ORNL_2018_DEM_mosaic_2025-10-22_3.tif","tri_1",0.609976508465238,"ORNL","3"
"ORNL_2018_DEM_mosaic_2025-10-22_4.tif","tri_1",0.549301861839897,"ORNL","4"
"ORNL_2018_DEM_mosaic_2025-10-22_5.tif","tri_1",0.558286186222115,"ORNL","5"
"ORNL_2018_DEM_mosaic_2025-10-22_6.tif","tri_1",0.700913901188732,"ORNL","6"
"ORNL_2018_DEM_mosaic_2025-10-22_7.tif","tri_1",0.647315515330136,"ORNL","7"
"ORNL_2018_DEM_mosaic_2025-10-22_8.tif","tri_1",0.556736426362272,"ORNL","8"
"ORNL_2018_DEM_mosaic_2025-10-22_9.tif","tri_1",0.55802055939848,"ORNL","9"
"RMNP_2020_DEM_mosaic_2025-10-22_1.tif","tri_1",0.507058433414555,"RMNP","1"
"RMNP_2020_DEM_mosaic_2025-10-22_2.tif","tri_1",0.491640902904717,"RMNP","2"
"RMNP_2020_DEM_mosaic_2025-10-22_3.tif","tri_1",0.599161569577328,"RMNP","3"
"RMNP_2020_DEM_mosaic_2025-10-22_4.tif","tri_1",0.610162968117403,"RMNP","4"
"RMNP_2020_DEM_mosaic_2025-10-22_5.tif","tri_1",1.00353651020831,"RMNP","5"
"RMNP_2020_DEM_mosaic_2025-10-22_6.tif","tri_1",1.35684160208093,"RMNP","6"
"RMNP_2020_DEM_mosaic_2025-10-22_7.tif","tri_1",0.69750674594106,"RMNP","7"
"RMNP_2020_DEM_mosaic_2025-10-22_8.tif","tri_1",0.992191602024856,"RMNP","8"
"RMNP_2020_DEM_mosaic_2025-10-22_9.tif","tri_1",1.03442750060454,"RMNP","9"
"CPER_2020_DEM_mosaic_2025-10-22_1.tif","tri_1",0.128064092575691,"CPER","1"
"CPER_2020_DEM_mosaic_2025-10-22_2.tif","tri_1",0.137819608204646,"CPER","2"
"CPER_2020_DEM_mosaic_2025-10-22_3.tif","tri_1",0.152749071493094,"CPER","3"
"CPER_2020_DEM_mosaic_2025-10-22_4.tif","tri_1",0.120118316598015,"CPER","4"
"CPER_2020_DEM_mosaic_2025-10-22_5.tif","tri_1",0.103218241464873,"CPER","5"
"CPER_2020_DEM_mosaic_2025-10-22_6.tif","tri_1",0.134157064733351,"CPER","6"
"CPER_2020_DEM_mosaic_2025-10-22_7.tif","tri_1",0.138579980774632,"CPER","7"
"CPER_2020_DEM_mosaic_2025-10-22_8.tif","tri_1",0.115714505421711,"CPER","8"
"CPER_2020_DEM_mosaic_2025-10-22_9.tif","tri_1",0.163720619931001,"CPER","9"
"WOOD_2019_DEM_mosaic_2025-10-22_1.tif","tri_1",0.252021802691152,"WOOD","1"
"WOOD_2019_DEM_mosaic_2025-10-22_2.tif","tri_1",0.258226327884684,"WOOD","2"
"WOOD_2019_DEM_mosaic_2025-10-22_3.tif","tri_1",0.271510412140223,"WOOD","3"
"WOOD_2019_DEM_mosaic_2025-10-22_4.tif","tri_1",0.233938331882892,"WOOD","4"
"WOOD_2019_DEM_mosaic_2025-10-22_5.tif","tri_1",0.239676444194029,"WOOD","5"
"WOOD_2019_DEM_mosaic_2025-10-22_6.tif","tri_1",0.272551127757876,"WOOD","6"
"WOOD_2019_DEM_mosaic_2025-10-22_7.tif","tri_1",0.250432128093772,"WOOD","7"
"WOOD_2019_DEM_mosaic_2025-10-22_8.tif","tri_1",0.229357129505869,"WOOD","8"
"WOOD_2019_DEM_mosaic_2025-10-22_9.tif","tri_1",0.24967969972751,"WOOD","9"
"ORNL_2018_DEM_mosaic_2025-10-22_1.tif","vrm_1",0.00120627549255505,"ORNL","1"
"ORNL_2018_DEM_mosaic_2025-10-22_2.tif","vrm_1",0.00165279860041871,"ORNL","2"
"ORNL_2018_DEM_mosaic_2025-10-22_3.tif","vrm_1",0.00157973543335169,"ORNL","3"
"ORNL_2018_DEM_mosaic_2025-10-22_4.tif","vrm_1",0.00160890173889138,"ORNL","4"
"ORNL_2018_DEM_mosaic_2025-10-22_5.tif","vrm_1",0.00157339335426932,"ORNL","5"
"ORNL_2018_DEM_mosaic_2025-10-22_6.tif","vrm_1",0.00165804793438677,"ORNL","6"
"ORNL_2018_DEM_mosaic_2025-10-22_7.tif","vrm_1",0.00192328621560782,"ORNL","7"
"ORNL_2018_DEM_mosaic_2025-10-22_8.tif","vrm_1",0.0022699339645131,"ORNL","8"
"ORNL_2018_DEM_mosaic_2025-10-22_9.tif","vrm_1",0.00155216586502624,"ORNL","9"
"RMNP_2020_DEM_mosaic_2025-10-22_1.tif","vrm_1",0.00197714394204239,"RMNP","1"
"RMNP_2020_DEM_mosaic_2025-10-22_2.tif","vrm_1",0.00229091127724708,"RMNP","2"
"RMNP_2020_DEM_mosaic_2025-10-22_3.tif","vrm_1",0.00244880369245522,"RMNP","3"
"RMNP_2020_DEM_mosaic_2025-10-22_4.tif","vrm_1",0.00235120955690441,"RMNP","4"
"RMNP_2020_DEM_mosaic_2025-10-22_5.tif","vrm_1",0.00329248151425869,"RMNP","5"
"RMNP_2020_DEM_mosaic_2025-10-22_6.tif","vrm_1",0.00443372932136652,"RMNP","6"
"RMNP_2020_DEM_mosaic_2025-10-22_7.tif","vrm_1",0.00233941886525327,"RMNP","7"
"RMNP_2020_DEM_mosaic_2025-10-22_8.tif","vrm_1",0.00401840375200302,"RMNP","8"
"RMNP_2020_DEM_mosaic_2025-10-22_9.tif","vrm_1",0.0032945120300983,"RMNP","9"
"CPER_2020_DEM_mosaic_2025-10-22_1.tif","vrm_1",0.000102492930953226,"CPER","1"
"CPER_2020_DEM_mosaic_2025-10-22_2.tif","vrm_1",0.000143562831418148,"CPER","2"
"CPER_2020_DEM_mosaic_2025-10-22_3.tif","vrm_1",0.000143116744913885,"CPER","3"
"CPER_2020_DEM_mosaic_2025-10-22_4.tif","vrm_1",0.000116512673997845,"CPER","4"
"CPER_2020_DEM_mosaic_2025-10-22_5.tif","vrm_1",0.000139183738199194,"CPER","5"
"CPER_2020_DEM_mosaic_2025-10-22_6.tif","vrm_1",0.000149359103736091,"CPER","6"
"CPER_2020_DEM_mosaic_2025-10-22_7.tif","vrm_1",0.00011049317704993,"CPER","7"
"CPER_2020_DEM_mosaic_2025-10-22_8.tif","vrm_1",0.000125556342291983,"CPER","8"
"CPER_2020_DEM_mosaic_2025-10-22_9.tif","vrm_1",0.000432254258002008,"CPER","9"
"WOOD_2019_DEM_mosaic_2025-10-22_1.tif","vrm_1",0.000692556332784774,"WOOD","1"
"WOOD_2019_DEM_mosaic_2025-10-22_2.tif","vrm_1",0.00102734624523729,"WOOD","2"
"WOOD_2019_DEM_mosaic_2025-10-22_3.tif","vrm_1",0.00112155617957945,"WOOD","3"
"WOOD_2019_DEM_mosaic_2025-10-22_4.tif","vrm_1",0.000816853591597075,"WOOD","4"
"WOOD_2019_DEM_mosaic_2025-10-22_5.tif","vrm_1",0.000781181427757939,"WOOD","5"
"WOOD_2019_DEM_mosaic_2025-10-22_6.tif","vrm_1",0.00090929676818537,"WOOD","6"
"WOOD_2019_DEM_mosaic_2025-10-22_7.tif","vrm_1",0.000719646489560718,"WOOD","7"
"WOOD_2019_DEM_mosaic_2025-10-22_8.tif","vrm_1",0.000595080841220486,"WOOD","8"
"WOOD_2019_DEM_mosaic_2025-10-22_9.tif","vrm_1",0.000761879006746374,"WOOD","9"
"ORNL_2018_DEM_mosaic_2025-10-22_1.tif","sar_1",0.980668993376,"ORNL","1"
"ORNL_2018_DEM_mosaic_2025-10-22_2.tif","sar_1",0.967232455928413,"ORNL","2"
"ORNL_2018_DEM_mosaic_2025-10-22_3.tif","sar_1",0.965384434878014,"ORNL","3"
"ORNL_2018_DEM_mosaic_2025-10-22_4.tif","sar_1",0.970730079455565,"ORNL","4"
"ORNL_2018_DEM_mosaic_2025-10-22_5.tif","sar_1",0.972537306846384,"ORNL","5"
"ORNL_2018_DEM_mosaic_2025-10-22_6.tif","sar_1",0.95587204080146,"ORNL","6"
"ORNL_2018_DEM_mosaic_2025-10-22_7.tif","sar_1",0.960663821954989,"ORNL","7"
"ORNL_2018_DEM_mosaic_2025-10-22_8.tif","sar_1",0.970581410372244,"ORNL","8"
"ORNL_2018_DEM_mosaic_2025-10-22_9.tif","sar_1",0.970911963546603,"ORNL","9"
"RMNP_2020_DEM_mosaic_2025-10-22_1.tif","sar_1",0.977174262885293,"RMNP","1"
"RMNP_2020_DEM_mosaic_2025-10-22_2.tif","sar_1",0.979038766152937,"RMNP","2"
"RMNP_2020_DEM_mosaic_2025-10-22_3.tif","sar_1",0.96708259494383,"RMNP","3"
"RMNP_2020_DEM_mosaic_2025-10-22_4.tif","sar_1",0.966470623804495,"RMNP","4"
"RMNP_2020_DEM_mosaic_2025-10-22_5.tif","sar_1",0.923755347173201,"RMNP","5"
"RMNP_2020_DEM_mosaic_2025-10-22_6.tif","sar_1",0.882228938399279,"RMNP","6"
"RMNP_2020_DEM_mosaic_2025-10-22_7.tif","sar_1",0.958069532655223,"RMNP","7"
"RMNP_2020_DEM_mosaic_2025-10-22_8.tif","sar_1",0.928227364272433,"RMNP","8"
"RMNP_2020_DEM_mosaic_2025-10-22_9.tif","sar_1",0.920849949372198,"RMNP","9"
"CPER_2020_DEM_mosaic_2025-10-22_1.tif","sar_1",0.998358209782599,"CPER","1"
"CPER_2020_DEM_mosaic_2025-10-22_2.tif","sar_1",0.99812576760635,"CPER","2"
"CPER_2020_DEM_mosaic_2025-10-22_3.tif","sar_1",0.997718270085992,"CPER","3"
"CPER_2020_DEM_mosaic_2025-10-22_4.tif","sar_1",0.998377108056774,"CPER","4"
"CPER_2020_DEM_mosaic_2025-10-22_5.tif","sar_1",0.998787437694038,"CPER","5"
"CPER_2020_DEM_mosaic_2025-10-22_6.tif","sar_1",0.998300044229641,"CPER","6"
"CPER_2020_DEM_mosaic_2025-10-22_7.tif","sar_1",0.998128779362148,"CPER","7"
"CPER_2020_DEM_mosaic_2025-10-22_8.tif","sar_1",0.998776801204428,"CPER","8"
"CPER_2020_DEM_mosaic_2025-10-22_9.tif","sar_1",0.997943886096193,"CPER","9"
"WOOD_2019_DEM_mosaic_2025-10-22_1.tif","sar_1",0.995803912999323,"WOOD","1"
"WOOD_2019_DEM_mosaic_2025-10-22_2.tif","sar_1",0.995243957972578,"WOOD","2"
"WOOD_2019_DEM_mosaic_2025-10-22_3.tif","sar_1",0.995017201330996,"WOOD","3"
"WOOD_2019_DEM_mosaic_2025-10-22_4.tif","sar_1",0.996740292059523,"WOOD","4"
"WOOD_2019_DEM_mosaic_2025-10-22_5.tif","sar_1",0.996428476385172,"WOOD","5"
"WOOD_2019_DEM_mosaic_2025-10-22_6.tif","sar_1",0.995297998120663,"WOOD","6"
"WOOD_2019_DEM_mosaic_2025-10-22_7.tif","sar_1",0.995767015329489,"WOOD","7"
"WOOD_2019_DEM_mosaic_2025-10-22_8.tif","sar_1",0.99652938687754,"WOOD","8"
"WOOD_2019_DEM_mosaic_2025-10-22_9.tif","sar_1",0.994982004927567,"WOOD","9"
"ORNL_2018_DEM_mosaic_2025-10-22_1.tif","raster.entropy_1",3.21740735141476,"ORNL","1"
"ORNL_2018_DEM_mosaic_2025-10-22_2.tif","raster.entropy_1",3.21740693204163,"ORNL","2"
"ORNL_2018_DEM_mosaic_2025-10-22_3.tif","raster.entropy_1",3.21740689184695,"ORNL","3"
"ORNL_2018_DEM_mosaic_2025-10-22_4.tif","raster.entropy_1",3.21740696794576,"ORNL","4"
"ORNL_2018_DEM_mosaic_2025-10-22_5.tif","raster.entropy_1",3.21740718451985,"ORNL","5"
"ORNL_2018_DEM_mosaic_2025-10-22_6.tif","raster.entropy_1",3.21740674052928,"ORNL","6"
"ORNL_2018_DEM_mosaic_2025-10-22_7.tif","raster.entropy_1",3.21740672431972,"ORNL","7"
"ORNL_2018_DEM_mosaic_2025-10-22_8.tif","raster.entropy_1",3.21740671018267,"ORNL","8"
"ORNL_2018_DEM_mosaic_2025-10-22_9.tif","raster.entropy_1",3.21740712964095,"ORNL","9"
"RMNP_2020_DEM_mosaic_2025-10-22_1.tif","raster.entropy_1",3.21740787945622,"RMNP","1"
"RMNP_2020_DEM_mosaic_2025-10-22_2.tif","raster.entropy_1",3.21737649634427,"RMNP","2"
"RMNP_2020_DEM_mosaic_2025-10-22_3.tif","raster.entropy_1",3.21740787639472,"RMNP","3"
"RMNP_2020_DEM_mosaic_2025-10-22_4.tif","raster.entropy_1",3.21740385123233,"RMNP","4"
"RMNP_2020_DEM_mosaic_2025-10-22_5.tif","raster.entropy_1",3.21740786085003,"RMNP","5"
"RMNP_2020_DEM_mosaic_2025-10-22_6.tif","raster.entropy_1",3.21740785292787,"RMNP","6"
"RMNP_2020_DEM_mosaic_2025-10-22_7.tif","raster.entropy_1",3.21740787216289,"RMNP","7"
"RMNP_2020_DEM_mosaic_2025-10-22_8.tif","raster.entropy_1",3.21740786366138,"RMNP","8"
"RMNP_2020_DEM_mosaic_2025-10-22_9.tif","raster.entropy_1",3.2174078600466,"RMNP","9"
"CPER_2020_DEM_mosaic_2025-10-22_1.tif","raster.entropy_1",3.21740788531854,"CPER","1"
"CPER_2020_DEM_mosaic_2025-10-22_2.tif","raster.entropy_1",3.21740788515077,"CPER","2"
"CPER_2020_DEM_mosaic_2025-10-22_3.tif","raster.entropy_1",3.21740788486292,"CPER","3"
"CPER_2020_DEM_mosaic_2025-10-22_4.tif","raster.entropy_1",3.21740788530826,"CPER","4"
"CPER_2020_DEM_mosaic_2025-10-22_5.tif","raster.entropy_1",3.21740788567967,"CPER","5"
"CPER_2020_DEM_mosaic_2025-10-22_6.tif","raster.entropy_1",3.21740788532108,"CPER","6"
"CPER_2020_DEM_mosaic_2025-10-22_7.tif","raster.entropy_1",3.21740788510087,"CPER","7"
"CPER_2020_DEM_mosaic_2025-10-22_8.tif","raster.entropy_1",3.21740788563064,"CPER","8"
"CPER_2020_DEM_mosaic_2025-10-22_9.tif","raster.entropy_1",3.21740788489296,"CPER","9"
"WOOD_2019_DEM_mosaic_2025-10-22_1.tif","raster.entropy_1",3.21740786381578,"WOOD","1"
"WOOD_2019_DEM_mosaic_2025-10-22_2.tif","raster.entropy_1",3.21740786177295,"WOOD","2"
"WOOD_2019_DEM_mosaic_2025-10-22_3.tif","raster.entropy_1",3.21740786021306,"WOOD","3"
"WOOD_2019_DEM_mosaic_2025-10-22_4.tif","raster.entropy_1",3.21740786861407,"WOOD","4"
"WOOD_2019_DEM_mosaic_2025-10-22_5.tif","raster.entropy_1",3.21740786681551,"WOOD","5"
"WOOD_2019_DEM_mosaic_2025-10-22_6.tif","raster.entropy_1",3.21740786036,"WOOD","6"
"WOOD_2019_DEM_mosaic_2025-10-22_7.tif","raster.entropy_1",3.21740786139139,"WOOD","7"
"WOOD_2019_DEM_mosaic_2025-10-22_8.tif","raster.entropy_1",3.21740706157656,"WOOD","8"
"WOOD_2019_DEM_mosaic_2025-10-22_9.tif","raster.entropy_1",3.21740785676149,"WOOD","9"
"ORNL_2018_DEM_mosaic_2025-10-22_1.tif","AdjSD_1",0.0389691873088005,"ORNL","1"
"ORNL_2018_DEM_mosaic_2025-10-22_2.tif","AdjSD_1",0.0424183130453887,"ORNL","2"
"ORNL_2018_DEM_mosaic_2025-10-22_3.tif","AdjSD_1",0.0405770331922614,"ORNL","3"
"ORNL_2018_DEM_mosaic_2025-10-22_4.tif","AdjSD_1",0.0396013707112782,"ORNL","4"
"ORNL_2018_DEM_mosaic_2025-10-22_5.tif","AdjSD_1",0.0416895414396749,"ORNL","5"
"ORNL_2018_DEM_mosaic_2025-10-22_6.tif","AdjSD_1",0.0410750176809227,"ORNL","6"
"ORNL_2018_DEM_mosaic_2025-10-22_7.tif","AdjSD_1",0.0416217135483547,"ORNL","7"
"ORNL_2018_DEM_mosaic_2025-10-22_8.tif","AdjSD_1",0.0446855065173958,"ORNL","8"
"ORNL_2018_DEM_mosaic_2025-10-22_9.tif","AdjSD_1",0.0386527572391177,"ORNL","9"
"RMNP_2020_DEM_mosaic_2025-10-22_1.tif","AdjSD_1",0.0473828809825076,"RMNP","1"
"RMNP_2020_DEM_mosaic_2025-10-22_2.tif","AdjSD_1",0.0497336771344477,"RMNP","2"
"RMNP_2020_DEM_mosaic_2025-10-22_3.tif","AdjSD_1",0.0502223284967469,"RMNP","3"
"RMNP_2020_DEM_mosaic_2025-10-22_4.tif","AdjSD_1",0.0489270520457296,"RMNP","4"
"RMNP_2020_DEM_mosaic_2025-10-22_5.tif","AdjSD_1",0.0651812667588961,"RMNP","5"
"RMNP_2020_DEM_mosaic_2025-10-22_6.tif","AdjSD_1",0.0886434075334761,"RMNP","6"
"RMNP_2020_DEM_mosaic_2025-10-22_7.tif","AdjSD_1",0.0517522315954561,"RMNP","7"
"RMNP_2020_DEM_mosaic_2025-10-22_8.tif","AdjSD_1",0.0713358619376261,"RMNP","8"
"RMNP_2020_DEM_mosaic_2025-10-22_9.tif","AdjSD_1",0.0693006979400152,"RMNP","9"
"CPER_2020_DEM_mosaic_2025-10-22_1.tif","AdjSD_1",0.0106139437790762,"CPER","1"
"CPER_2020_DEM_mosaic_2025-10-22_2.tif","AdjSD_1",0.0118103576768632,"CPER","2"
"CPER_2020_DEM_mosaic_2025-10-22_3.tif","AdjSD_1",0.0127377919688666,"CPER","3"
"CPER_2020_DEM_mosaic_2025-10-22_4.tif","AdjSD_1",0.0106466312640584,"CPER","4"
"CPER_2020_DEM_mosaic_2025-10-22_5.tif","AdjSD_1",0.0116196127999661,"CPER","5"
"CPER_2020_DEM_mosaic_2025-10-22_6.tif","AdjSD_1",0.0131360588115319,"CPER","6"
"CPER_2020_DEM_mosaic_2025-10-22_7.tif","AdjSD_1",0.0108014084702578,"CPER","7"
"CPER_2020_DEM_mosaic_2025-10-22_8.tif","AdjSD_1",0.0114647223155544,"CPER","8"
"CPER_2020_DEM_mosaic_2025-10-22_9.tif","AdjSD_1",0.0251212858164832,"CPER","9"
"WOOD_2019_DEM_mosaic_2025-10-22_1.tif","AdjSD_1",0.0360737380990456,"WOOD","1"
"WOOD_2019_DEM_mosaic_2025-10-22_2.tif","AdjSD_1",0.0380056080214496,"WOOD","2"
"WOOD_2019_DEM_mosaic_2025-10-22_3.tif","AdjSD_1",0.0398219151817203,"WOOD","3"
"WOOD_2019_DEM_mosaic_2025-10-22_4.tif","AdjSD_1",0.0364048646740286,"WOOD","4"
"WOOD_2019_DEM_mosaic_2025-10-22_5.tif","AdjSD_1",0.0373468676958672,"WOOD","5"
"WOOD_2019_DEM_mosaic_2025-10-22_6.tif","AdjSD_1",0.0405074868162073,"WOOD","6"
"WOOD_2019_DEM_mosaic_2025-10-22_7.tif","AdjSD_1",0.0343468761472581,"WOOD","7"
"WOOD_2019_DEM_mosaic_2025-10-22_8.tif","AdjSD_1",0.0331796339876414,"WOOD","8"
"WOOD_2019_DEM_mosaic_2025-10-22_9.tif","AdjSD_1",0.0322425140678086,"WOOD","9"
"ORNL_2018_DEM_mosaic_2025-10-22_1.tif","RIE_1",0.0430526576059639,"ORNL","1"
"ORNL_2018_DEM_mosaic_2025-10-22_2.tif","RIE_1",0.0464268980644359,"ORNL","2"
"ORNL_2018_DEM_mosaic_2025-10-22_3.tif","RIE_1",0.0442954721428977,"ORNL","3"
"ORNL_2018_DEM_mosaic_2025-10-22_4.tif","RIE_1",0.042845110812371,"ORNL","4"
"ORNL_2018_DEM_mosaic_2025-10-22_5.tif","RIE_1",0.0455823261061295,"ORNL","5"
"ORNL_2018_DEM_mosaic_2025-10-22_6.tif","RIE_1",0.0444722922184806,"ORNL","6"
"ORNL_2018_DEM_mosaic_2025-10-22_7.tif","RIE_1",0.0448071733932334,"ORNL","7"
"ORNL_2018_DEM_mosaic_2025-10-22_8.tif","RIE_1",0.0483577453111041,"ORNL","8"
"ORNL_2018_DEM_mosaic_2025-10-22_9.tif","RIE_1",0.0421527488195387,"ORNL","9"
"RMNP_2020_DEM_mosaic_2025-10-22_1.tif","RIE_1",0.052514631722642,"RMNP","1"
"RMNP_2020_DEM_mosaic_2025-10-22_2.tif","RIE_1",0.0551626856064508,"RMNP","2"
"RMNP_2020_DEM_mosaic_2025-10-22_3.tif","RIE_1",0.0556064337991004,"RMNP","3"
"RMNP_2020_DEM_mosaic_2025-10-22_4.tif","RIE_1",0.0536409657231204,"RMNP","4"
"RMNP_2020_DEM_mosaic_2025-10-22_5.tif","RIE_1",0.0715459107283643,"RMNP","5"
"RMNP_2020_DEM_mosaic_2025-10-22_6.tif","RIE_1",0.0983495173795569,"RMNP","6"
"RMNP_2020_DEM_mosaic_2025-10-22_7.tif","RIE_1",0.0572978185229039,"RMNP","7"
"RMNP_2020_DEM_mosaic_2025-10-22_8.tif","RIE_1",0.0793231524818628,"RMNP","8"
"RMNP_2020_DEM_mosaic_2025-10-22_9.tif","RIE_1",0.0767024003590556,"RMNP","9"
"CPER_2020_DEM_mosaic_2025-10-22_1.tif","RIE_1",0.0121097867948754,"CPER","1"
"CPER_2020_DEM_mosaic_2025-10-22_2.tif","RIE_1",0.0135250688768134,"CPER","2"
"CPER_2020_DEM_mosaic_2025-10-22_3.tif","RIE_1",0.0145197106731732,"CPER","3"
"CPER_2020_DEM_mosaic_2025-10-22_4.tif","RIE_1",0.0119267637112517,"CPER","4"
"CPER_2020_DEM_mosaic_2025-10-22_5.tif","RIE_1",0.0133022264977851,"CPER","5"
"CPER_2020_DEM_mosaic_2025-10-22_6.tif","RIE_1",0.0148505143521421,"CPER","6"
"CPER_2020_DEM_mosaic_2025-10-22_7.tif","RIE_1",0.0122525450252799,"CPER","7"
"CPER_2020_DEM_mosaic_2025-10-22_8.tif","RIE_1",0.0131773166402595,"CPER","8"
"CPER_2020_DEM_mosaic_2025-10-22_9.tif","RIE_1",0.0286516298324203,"CPER","9"
"WOOD_2019_DEM_mosaic_2025-10-22_1.tif","RIE_1",0.041243155869639,"WOOD","1"
"WOOD_2019_DEM_mosaic_2025-10-22_2.tif","RIE_1",0.0438847715137741,"WOOD","2"
"WOOD_2019_DEM_mosaic_2025-10-22_3.tif","RIE_1",0.0459038464659227,"WOOD","3"
"WOOD_2019_DEM_mosaic_2025-10-22_4.tif","RIE_1",0.0423109592200792,"WOOD","4"
"WOOD_2019_DEM_mosaic_2025-10-22_5.tif","RIE_1",0.042820679156897,"WOOD","5"
"WOOD_2019_DEM_mosaic_2025-10-22_6.tif","RIE_1",0.0464491991793798,"WOOD","6"
"WOOD_2019_DEM_mosaic_2025-10-22_7.tif","RIE_1",0.039444017479423,"WOOD","7"
"WOOD_2019_DEM_mosaic_2025-10-22_8.tif","RIE_1",0.0379381317311,"WOOD","8"
"WOOD_2019_DEM_mosaic_2025-10-22_9.tif","RIE_1",0.0365626254136335,"WOOD","9"
"ORNL_2018_DEM_mosaic_2025-10-22_1.tif","slope_1",9.88798924049936,"ORNL","1"
"ORNL_2018_DEM_mosaic_2025-10-22_2.tif","slope_1",12.0436552939674,"ORNL","2"
"ORNL_2018_DEM_mosaic_2025-10-22_3.tif","slope_1",12.6495249321394,"ORNL","3"
"ORNL_2018_DEM_mosaic_2025-10-22_4.tif","slope_1",11.3142563106364,"ORNL","4"
"ORNL_2018_DEM_mosaic_2025-10-22_5.tif","slope_1",11.6351616721808,"ORNL","5"
"ORNL_2018_DEM_mosaic_2025-10-22_6.tif","slope_1",14.7142280392122,"ORNL","6"
"ORNL_2018_DEM_mosaic_2025-10-22_7.tif","slope_1",13.4395939961938,"ORNL","7"
"ORNL_2018_DEM_mosaic_2025-10-22_8.tif","slope_1",11.0806430510774,"ORNL","8"
"ORNL_2018_DEM_mosaic_2025-10-22_9.tif","slope_1",11.5772818831514,"ORNL","9"
"RMNP_2020_DEM_mosaic_2025-10-22_1.tif","slope_1",10.0977934941922,"RMNP","1"
"RMNP_2020_DEM_mosaic_2025-10-22_2.tif","slope_1",9.60041669051567,"RMNP","2"
"RMNP_2020_DEM_mosaic_2025-10-22_3.tif","slope_1",11.9564392422287,"RMNP","3"
"RMNP_2020_DEM_mosaic_2025-10-22_4.tif","slope_1",12.4064422612822,"RMNP","4"
"RMNP_2020_DEM_mosaic_2025-10-22_5.tif","slope_1",20.2353953648199,"RMNP","5"
"RMNP_2020_DEM_mosaic_2025-10-22_6.tif","slope_1",26.7011488459018,"RMNP","6"
"RMNP_2020_DEM_mosaic_2025-10-22_7.tif","slope_1",14.300607747153,"RMNP","7"
"RMNP_2020_DEM_mosaic_2025-10-22_8.tif","slope_1",19.8952472995092,"RMNP","8"
"RMNP_2020_DEM_mosaic_2025-10-22_9.tif","slope_1",20.8058407259882,"RMNP","9"
"CPER_2020_DEM_mosaic_2025-10-22_1.tif","slope_1",2.70389737385706,"CPER","1"
"CPER_2020_DEM_mosaic_2025-10-22_2.tif","slope_1",2.88677051766064,"CPER","2"
"CPER_2020_DEM_mosaic_2025-10-22_3.tif","slope_1",3.18868611024932,"CPER","3"
"CPER_2020_DEM_mosaic_2025-10-22_4.tif","slope_1",2.49531633136063,"CPER","4"
"CPER_2020_DEM_mosaic_2025-10-22_5.tif","slope_1",1.96731072296371,"CPER","5"
"CPER_2020_DEM_mosaic_2025-10-22_6.tif","slope_1",2.70346482352144,"CPER","6"
"CPER_2020_DEM_mosaic_2025-10-22_7.tif","slope_1",2.97338868410444,"CPER","7"
"CPER_2020_DEM_mosaic_2025-10-22_8.tif","slope_1",2.3336907282916,"CPER","8"
"CPER_2020_DEM_mosaic_2025-10-22_9.tif","slope_1",2.58588568287603,"CPER","9"
"WOOD_2019_DEM_mosaic_2025-10-22_1.tif","slope_1",4.25709545094913,"WOOD","1"
"WOOD_2019_DEM_mosaic_2025-10-22_2.tif","slope_1",4.25834310429269,"WOOD","2"
"WOOD_2019_DEM_mosaic_2025-10-22_3.tif","slope_1",4.4494731469601,"WOOD","3"
"WOOD_2019_DEM_mosaic_2025-10-22_4.tif","slope_1",3.69707987744393,"WOOD","4"
"WOOD_2019_DEM_mosaic_2025-10-22_5.tif","slope_1",3.79274699392037,"WOOD","5"
"WOOD_2019_DEM_mosaic_2025-10-22_6.tif","slope_1",4.46897626261639,"WOOD","6"
"WOOD_2019_DEM_mosaic_2025-10-22_7.tif","slope_1",4.31054422604358,"WOOD","7"
"WOOD_2019_DEM_mosaic_2025-10-22_8.tif","slope_1",3.84468303811573,"WOOD","8"
"WOOD_2019_DEM_mosaic_2025-10-22_9.tif","slope_1",4.40863804979821,"WOOD","9"
"ORNL_2018_DEM_mosaic_2025-10-22_1.tif","northness_1",-0.16260011113911,"ORNL","1"
"ORNL_2018_DEM_mosaic_2025-10-22_1.tif","eastness_1",0.0401580925157573,"ORNL","1"
"ORNL_2018_DEM_mosaic_2025-10-22_2.tif","northness_1",0.0319881642865132,"ORNL","2"
"ORNL_2018_DEM_mosaic_2025-10-22_2.tif","eastness_1",0.0216330191378942,"ORNL","2"
"ORNL_2018_DEM_mosaic_2025-10-22_3.tif","northness_1",-0.107118503969803,"ORNL","3"
"ORNL_2018_DEM_mosaic_2025-10-22_3.tif","eastness_1",-0.112217405590702,"ORNL","3"
"ORNL_2018_DEM_mosaic_2025-10-22_4.tif","northness_1",-0.121019109956048,"ORNL","4"
"ORNL_2018_DEM_mosaic_2025-10-22_4.tif","eastness_1",0.0391255843088862,"ORNL","4"
"ORNL_2018_DEM_mosaic_2025-10-22_5.tif","northness_1",-0.0549904077044563,"ORNL","5"
"ORNL_2018_DEM_mosaic_2025-10-22_5.tif","eastness_1",0.00423047992465845,"ORNL","5"
"ORNL_2018_DEM_mosaic_2025-10-22_6.tif","northness_1",-0.107875074518496,"ORNL","6"
"ORNL_2018_DEM_mosaic_2025-10-22_6.tif","eastness_1",-0.0267352949677899,"ORNL","6"
"ORNL_2018_DEM_mosaic_2025-10-22_7.tif","northness_1",-0.0336362436336277,"ORNL","7"
"ORNL_2018_DEM_mosaic_2025-10-22_7.tif","eastness_1",-0.0737662746444972,"ORNL","7"
"ORNL_2018_DEM_mosaic_2025-10-22_8.tif","northness_1",-0.103068545024423,"ORNL","8"
"ORNL_2018_DEM_mosaic_2025-10-22_8.tif","eastness_1",0.0247439539645953,"ORNL","8"
"ORNL_2018_DEM_mosaic_2025-10-22_9.tif","northness_1",-0.0779700894825728,"ORNL","9"
"ORNL_2018_DEM_mosaic_2025-10-22_9.tif","eastness_1",-0.0362378025364597,"ORNL","9"
"RMNP_2020_DEM_mosaic_2025-10-22_1.tif","northness_1",-0.0414354285832536,"RMNP","1"
"RMNP_2020_DEM_mosaic_2025-10-22_1.tif","eastness_1",0.524478968212002,"RMNP","1"
"RMNP_2020_DEM_mosaic_2025-10-22_2.tif","northness_1",-0.144598016191887,"RMNP","2"
"RMNP_2020_DEM_mosaic_2025-10-22_2.tif","eastness_1",0.468538581936377,"RMNP","2"
"RMNP_2020_DEM_mosaic_2025-10-22_3.tif","northness_1",-0.164562638812329,"RMNP","3"
"RMNP_2020_DEM_mosaic_2025-10-22_3.tif","eastness_1",0.00709493096036786,"RMNP","3"
"RMNP_2020_DEM_mosaic_2025-10-22_4.tif","northness_1",-0.108979679237727,"RMNP","4"
"RMNP_2020_DEM_mosaic_2025-10-22_4.tif","eastness_1",0.107432105574933,"RMNP","4"
"RMNP_2020_DEM_mosaic_2025-10-22_5.tif","northness_1",-0.502104103843071,"RMNP","5"
"RMNP_2020_DEM_mosaic_2025-10-22_5.tif","eastness_1",-0.359362052276553,"RMNP","5"
"RMNP_2020_DEM_mosaic_2025-10-22_6.tif","northness_1",-0.278265328400567,"RMNP","6"
"RMNP_2020_DEM_mosaic_2025-10-22_6.tif","eastness_1",-0.13000267641139,"RMNP","6"
"RMNP_2020_DEM_mosaic_2025-10-22_7.tif","northness_1",-0.321188703340087,"RMNP","7"
"RMNP_2020_DEM_mosaic_2025-10-22_7.tif","eastness_1",-0.0423489725886921,"RMNP","7"
"RMNP_2020_DEM_mosaic_2025-10-22_8.tif","northness_1",-0.214989729979695,"RMNP","8"
"RMNP_2020_DEM_mosaic_2025-10-22_8.tif","eastness_1",0.436998197022788,"RMNP","8"
"RMNP_2020_DEM_mosaic_2025-10-22_9.tif","northness_1",0.171088584123267,"RMNP","9"
"RMNP_2020_DEM_mosaic_2025-10-22_9.tif","eastness_1",0.543167768218137,"RMNP","9"
"CPER_2020_DEM_mosaic_2025-10-22_1.tif","northness_1",-0.148016712809243,"CPER","1"
"CPER_2020_DEM_mosaic_2025-10-22_1.tif","eastness_1",0.344879886800422,"CPER","1"
"CPER_2020_DEM_mosaic_2025-10-22_2.tif","northness_1",-0.107915026961236,"CPER","2"
"CPER_2020_DEM_mosaic_2025-10-22_2.tif","eastness_1",0.273730885711883,"CPER","2"
"CPER_2020_DEM_mosaic_2025-10-22_3.tif","northness_1",-0.179421927124372,"CPER","3"
"CPER_2020_DEM_mosaic_2025-10-22_3.tif","eastness_1",0.124538410097471,"CPER","3"
"CPER_2020_DEM_mosaic_2025-10-22_4.tif","northness_1",-0.179667527392225,"CPER","4"
"CPER_2020_DEM_mosaic_2025-10-22_4.tif","eastness_1",-0.23560254556443,"CPER","4"
"CPER_2020_DEM_mosaic_2025-10-22_5.tif","northness_1",-0.134426173447463,"CPER","5"
"CPER_2020_DEM_mosaic_2025-10-22_5.tif","eastness_1",-0.0852242963058515,"CPER","5"
"CPER_2020_DEM_mosaic_2025-10-22_6.tif","northness_1",-0.0970092412089144,"CPER","6"
"CPER_2020_DEM_mosaic_2025-10-22_6.tif","eastness_1",0.19256700389299,"CPER","6"
"CPER_2020_DEM_mosaic_2025-10-22_7.tif","northness_1",-0.113991480745025,"CPER","7"
"CPER_2020_DEM_mosaic_2025-10-22_7.tif","eastness_1",0.249413118060607,"CPER","7"
"CPER_2020_DEM_mosaic_2025-10-22_8.tif","northness_1",-0.0056980627944292,"CPER","8"
"CPER_2020_DEM_mosaic_2025-10-22_8.tif","eastness_1",0.270378961554272,"CPER","8"
"CPER_2020_DEM_mosaic_2025-10-22_9.tif","northness_1",-0.078891391989523,"CPER","9"
"CPER_2020_DEM_mosaic_2025-10-22_9.tif","eastness_1",0.075530010792836,"CPER","9"
"WOOD_2019_DEM_mosaic_2025-10-22_1.tif","northness_1",-0.1039766407806,"WOOD","1"
"WOOD_2019_DEM_mosaic_2025-10-22_1.tif","eastness_1",0.0615347866230896,"WOOD","1"
"WOOD_2019_DEM_mosaic_2025-10-22_2.tif","northness_1",0.00360766607486425,"WOOD","2"
"WOOD_2019_DEM_mosaic_2025-10-22_2.tif","eastness_1",0.0941081335282382,"WOOD","2"
"WOOD_2019_DEM_mosaic_2025-10-22_3.tif","northness_1",0.0170791509905672,"WOOD","3"
"WOOD_2019_DEM_mosaic_2025-10-22_3.tif","eastness_1",0.0715488112739739,"WOOD","3"
"WOOD_2019_DEM_mosaic_2025-10-22_4.tif","northness_1",-0.0662688742045267,"WOOD","4"
"WOOD_2019_DEM_mosaic_2025-10-22_4.tif","eastness_1",0.119053499519445,"WOOD","4"
"WOOD_2019_DEM_mosaic_2025-10-22_5.tif","northness_1",-0.0740592303037629,"WOOD","5"
"WOOD_2019_DEM_mosaic_2025-10-22_5.tif","eastness_1",0.126571078095382,"WOOD","5"
"WOOD_2019_DEM_mosaic_2025-10-22_6.tif","northness_1",0.0932279296170551,"WOOD","6"
"WOOD_2019_DEM_mosaic_2025-10-22_6.tif","eastness_1",0.0715890204320017,"WOOD","6"
"WOOD_2019_DEM_mosaic_2025-10-22_7.tif","northness_1",-0.0361110877599314,"WOOD","7"
"WOOD_2019_DEM_mosaic_2025-10-22_7.tif","eastness_1",0.0669027888896657,"WOOD","7"
"WOOD_2019_DEM_mosaic_2025-10-22_8.tif","northness_1",0.0368395706961199,"WOOD","8"
"WOOD_2019_DEM_mosaic_2025-10-22_8.tif","eastness_1",0.0885597688990419,"WOOD","8"
"WOOD_2019_DEM_mosaic_2025-10-22_9.tif","northness_1",-0.0781099097216513,"WOOD","9"
"WOOD_2019_DEM_mosaic_2025-10-22_9.tif","eastness_1",0.0518331165313163,"WOOD","9"
"ORNL_2018_DEM_mosaic_2025-10-22_1.tif","TPI_1",1.92587407230105e-06,"ORNL","1"
"ORNL_2018_DEM_mosaic_2025-10-22_2.tif","TPI_1",-3.54060695491909e-06,"ORNL","2"
"ORNL_2018_DEM_mosaic_2025-10-22_3.tif","TPI_1",2.86835648713487e-05,"ORNL","3"
"ORNL_2018_DEM_mosaic_2025-10-22_4.tif","TPI_1",1.00280311493188e-05,"ORNL","4"
"ORNL_2018_DEM_mosaic_2025-10-22_5.tif","TPI_1",3.40945168815375e-05,"ORNL","5"
"ORNL_2018_DEM_mosaic_2025-10-22_6.tif","TPI_1",-9.69250105347186e-06,"ORNL","6"
"ORNL_2018_DEM_mosaic_2025-10-22_7.tif","TPI_1",1.68456523223041e-05,"ORNL","7"
"ORNL_2018_DEM_mosaic_2025-10-22_8.tif","TPI_1",-5.57053175992535e-06,"ORNL","8"
"ORNL_2018_DEM_mosaic_2025-10-22_9.tif","TPI_1",1.15653774521611e-05,"ORNL","9"
"RMNP_2020_DEM_mosaic_2025-10-22_1.tif","TPI_1",-5.17881864499478e-05,"RMNP","1"
"RMNP_2020_DEM_mosaic_2025-10-22_2.tif","TPI_1",-2.07484387144394e-05,"RMNP","2"
"RMNP_2020_DEM_mosaic_2025-10-22_3.tif","TPI_1",-6.8601038811056e-05,"RMNP","3"
"RMNP_2020_DEM_mosaic_2025-10-22_4.tif","TPI_1",-7.09587563439707e-05,"RMNP","4"
"RMNP_2020_DEM_mosaic_2025-10-22_5.tif","TPI_1",-4.08346191262897e-05,"RMNP","5"
"RMNP_2020_DEM_mosaic_2025-10-22_6.tif","TPI_1",0.000156899151658071,"RMNP","6"
"RMNP_2020_DEM_mosaic_2025-10-22_7.tif","TPI_1",2.32878931355851e-05,"RMNP","7"
"RMNP_2020_DEM_mosaic_2025-10-22_8.tif","TPI_1",0.000134472102579737,"RMNP","8"
"RMNP_2020_DEM_mosaic_2025-10-22_9.tif","TPI_1",-0.000139700717116817,"RMNP","9"
"CPER_2020_DEM_mosaic_2025-10-22_1.tif","TPI_1",1.20384730191375e-05,"CPER","1"
"CPER_2020_DEM_mosaic_2025-10-22_2.tif","TPI_1",-5.86441461520642e-06,"CPER","2"
"CPER_2020_DEM_mosaic_2025-10-22_3.tif","TPI_1",5.85242011818735e-06,"CPER","3"
"CPER_2020_DEM_mosaic_2025-10-22_4.tif","TPI_1",-5.2392024136718e-07,"CPER","4"
"CPER_2020_DEM_mosaic_2025-10-22_5.tif","TPI_1",-9.2870852386166e-06,"CPER","5"
"CPER_2020_DEM_mosaic_2025-10-22_6.tif","TPI_1",9.55660976643874e-08,"CPER","6"
"CPER_2020_DEM_mosaic_2025-10-22_7.tif","TPI_1",3.29969836142879e-06,"CPER","7"
"CPER_2020_DEM_mosaic_2025-10-22_8.tif","TPI_1",9.02313367977274e-06,"CPER","8"
"CPER_2020_DEM_mosaic_2025-10-22_9.tif","TPI_1",-8.71875325063865e-06,"CPER","9"
"WOOD_2019_DEM_mosaic_2025-10-22_1.tif","TPI_1",1.22414009499032e-06,"WOOD","1"
"WOOD_2019_DEM_mosaic_2025-10-22_2.tif","TPI_1",9.08143006960269e-06,"WOOD","2"
"WOOD_2019_DEM_mosaic_2025-10-22_3.tif","TPI_1",-1.50309815329144e-06,"WOOD","3"
"WOOD_2019_DEM_mosaic_2025-10-22_4.tif","TPI_1",-4.86556312898097e-06,"WOOD","4"
"WOOD_2019_DEM_mosaic_2025-10-22_5.tif","TPI_1",-7.8755187051044e-06,"WOOD","5"
"WOOD_2019_DEM_mosaic_2025-10-22_6.tif","TPI_1",2.58768468353786e-06,"WOOD","6"
"WOOD_2019_DEM_mosaic_2025-10-22_7.tif","TPI_1",1.60938399821204e-06,"WOOD","7"
"WOOD_2019_DEM_mosaic_2025-10-22_8.tif","TPI_1",1.54149162853302e-07,"WOOD","8"
"WOOD_2019_DEM_mosaic_2025-10-22_9.tif","TPI_1",-6.6455782120177e-06,"WOOD","9"
"ORNL_2018_DEM_mosaic_2025-10-22_1.tif","TRI_1",0.144805623465214,"ORNL","1"
"ORNL_2018_DEM_mosaic_2025-10-22_2.tif","TRI_1",0.179933122962124,"ORNL","2"
"ORNL_2018_DEM_mosaic_2025-10-22_3.tif","TRI_1",0.187126854417101,"ORNL","3"
"ORNL_2018_DEM_mosaic_2025-10-22_4.tif","TRI_1",0.167703510360034,"ORNL","4"
"ORNL_2018_DEM_mosaic_2025-10-22_5.tif","TRI_1",0.17022986996632,"ORNL","5"
"ORNL_2018_DEM_mosaic_2025-10-22_6.tif","TRI_1",0.215758971307771,"ORNL","6"
"ORNL_2018_DEM_mosaic_2025-10-22_7.tif","TRI_1",0.19852721628505,"ORNL","7"
"ORNL_2018_DEM_mosaic_2025-10-22_8.tif","TRI_1",0.167825126308812,"ORNL","8"
"ORNL_2018_DEM_mosaic_2025-10-22_9.tif","TRI_1",0.17006394137269,"ORNL","9"
"RMNP_2020_DEM_mosaic_2025-10-22_1.tif","TRI_1",0.153104211553637,"RMNP","1"
"RMNP_2020_DEM_mosaic_2025-10-22_2.tif","TRI_1",0.147856067139234,"RMNP","2"
"RMNP_2020_DEM_mosaic_2025-10-22_3.tif","TRI_1",0.182104337078548,"RMNP","3"
"RMNP_2020_DEM_mosaic_2025-10-22_4.tif","TRI_1",0.185433167367021,"RMNP","4"
"RMNP_2020_DEM_mosaic_2025-10-22_5.tif","TRI_1",0.307589770342639,"RMNP","5"
"RMNP_2020_DEM_mosaic_2025-10-22_6.tif","TRI_1",0.417475036702984,"RMNP","6"
"RMNP_2020_DEM_mosaic_2025-10-22_7.tif","TRI_1",0.212976018380506,"RMNP","7"
"RMNP_2020_DEM_mosaic_2025-10-22_8.tif","TRI_1",0.303343954633672,"RMNP","8"
"RMNP_2020_DEM_mosaic_2025-10-22_9.tif","TRI_1",0.317229152191258,"RMNP","9"
"CPER_2020_DEM_mosaic_2025-10-22_1.tif","TRI_1",0.0387537135578932,"CPER","1"
"CPER_2020_DEM_mosaic_2025-10-22_2.tif","TRI_1",0.0415485469011514,"CPER","2"
"CPER_2020_DEM_mosaic_2025-10-22_3.tif","TRI_1",0.0460208491702281,"CPER","3"
"CPER_2020_DEM_mosaic_2025-10-22_4.tif","TRI_1",0.0361821402244684,"CPER","4"
"CPER_2020_DEM_mosaic_2025-10-22_5.tif","TRI_1",0.0306942281118797,"CPER","5"
"CPER_2020_DEM_mosaic_2025-10-22_6.tif","TRI_1",0.0401984148817759,"CPER","6"
"CPER_2020_DEM_mosaic_2025-10-22_7.tif","TRI_1",0.0419731738026847,"CPER","7"
"CPER_2020_DEM_mosaic_2025-10-22_8.tif","TRI_1",0.0346097842094281,"CPER","8"
"CPER_2020_DEM_mosaic_2025-10-22_9.tif","TRI_1",0.0474346059034828,"CPER","9"
"WOOD_2019_DEM_mosaic_2025-10-22_1.tif","TRI_1",0.0750486605456699,"WOOD","1"
"WOOD_2019_DEM_mosaic_2025-10-22_2.tif","TRI_1",0.0765728413094082,"WOOD","2"
"WOOD_2019_DEM_mosaic_2025-10-22_3.tif","TRI_1",0.0806861011494528,"WOOD","3"
"WOOD_2019_DEM_mosaic_2025-10-22_4.tif","TRI_1",0.0692595578330217,"WOOD","4"
"WOOD_2019_DEM_mosaic_2025-10-22_5.tif","TRI_1",0.0711537653686712,"WOOD","5"
"WOOD_2019_DEM_mosaic_2025-10-22_6.tif","TRI_1",0.0811180315969262,"WOOD","6"
"WOOD_2019_DEM_mosaic_2025-10-22_7.tif","TRI_1",0.0747682212644566,"WOOD","7"
"WOOD_2019_DEM_mosaic_2025-10-22_8.tif","TRI_1",0.0683718878767813,"WOOD","8"
"WOOD_2019_DEM_mosaic_2025-10-22_9.tif","TRI_1",0.0747118555605448,"WOOD","9"
"ORNL_2018_DEM_mosaic_2025-10-22_1.tif","TRIriley_1",0.476965915054062,"ORNL","1"
"ORNL_2018_DEM_mosaic_2025-10-22_2.tif","TRIriley_1",0.588377358329004,"ORNL","2"
"ORNL_2018_DEM_mosaic_2025-10-22_3.tif","TRIriley_1",0.610249992088366,"ORNL","3"
"ORNL_2018_DEM_mosaic_2025-10-22_4.tif","TRIriley_1",0.549647472741446,"ORNL","4"
"ORNL_2018_DEM_mosaic_2025-10-22_5.tif","TRIriley_1",0.558664776319287,"ORNL","5"
"ORNL_2018_DEM_mosaic_2025-10-22_6.tif","TRIriley_1",0.701337097709154,"ORNL","6"
"ORNL_2018_DEM_mosaic_2025-10-22_7.tif","TRIriley_1",0.647596778224402,"ORNL","7"
"ORNL_2018_DEM_mosaic_2025-10-22_8.tif","TRIriley_1",0.556959956694822,"ORNL","8"
"ORNL_2018_DEM_mosaic_2025-10-22_9.tif","TRIriley_1",0.558245890360545,"ORNL","9"
"RMNP_2020_DEM_mosaic_2025-10-22_1.tif","TRIriley_1",0.507157628796691,"RMNP","1"
"RMNP_2020_DEM_mosaic_2025-10-22_2.tif","TRIriley_1",0.491744980082345,"RMNP","2"
"RMNP_2020_DEM_mosaic_2025-10-22_3.tif","TRIriley_1",0.599387250476481,"RMNP","3"
"RMNP_2020_DEM_mosaic_2025-10-22_4.tif","TRIriley_1",0.610511581793238,"RMNP","4"
"RMNP_2020_DEM_mosaic_2025-10-22_5.tif","TRIriley_1",1.00411938097952,"RMNP","5"
"RMNP_2020_DEM_mosaic_2025-10-22_6.tif","TRIriley_1",1.35773079304737,"RMNP","6"
"RMNP_2020_DEM_mosaic_2025-10-22_7.tif","TRIriley_1",0.697743591255216,"RMNP","7"
"RMNP_2020_DEM_mosaic_2025-10-22_8.tif","TRIriley_1",0.992774988682916,"RMNP","8"
"RMNP_2020_DEM_mosaic_2025-10-22_9.tif","TRIriley_1",1.03486727191307,"RMNP","9"
"CPER_2020_DEM_mosaic_2025-10-22_1.tif","TRIriley_1",0.128133242647803,"CPER","1"
"CPER_2020_DEM_mosaic_2025-10-22_2.tif","TRIriley_1",0.13786824615226,"CPER","2"
"CPER_2020_DEM_mosaic_2025-10-22_3.tif","TRIriley_1",0.152839317332485,"CPER","3"
"CPER_2020_DEM_mosaic_2025-10-22_4.tif","TRIriley_1",0.120172237570564,"CPER","4"
"CPER_2020_DEM_mosaic_2025-10-22_5.tif","TRIriley_1",0.103225854172373,"CPER","5"
"CPER_2020_DEM_mosaic_2025-10-22_6.tif","TRIriley_1",0.134225115379856,"CPER","6"
"CPER_2020_DEM_mosaic_2025-10-22_7.tif","TRIriley_1",0.13866059406943,"CPER","7"
"CPER_2020_DEM_mosaic_2025-10-22_8.tif","TRIriley_1",0.115762532147738,"CPER","8"
"CPER_2020_DEM_mosaic_2025-10-22_9.tif","TRIriley_1",0.163825999537187,"CPER","9"
"WOOD_2019_DEM_mosaic_2025-10-22_1.tif","TRIriley_1",0.252126632083709,"WOOD","1"
"WOOD_2019_DEM_mosaic_2025-10-22_2.tif","TRIriley_1",0.258372900166649,"WOOD","2"
"WOOD_2019_DEM_mosaic_2025-10-22_3.tif","TRIriley_1",0.271682114023012,"WOOD","3"
"WOOD_2019_DEM_mosaic_2025-10-22_4.tif","TRIriley_1",0.234062123806627,"WOOD","4"
"WOOD_2019_DEM_mosaic_2025-10-22_5.tif","TRIriley_1",0.239778388595429,"WOOD","5"
"WOOD_2019_DEM_mosaic_2025-10-22_6.tif","TRIriley_1",0.272710772005121,"WOOD","6"
"WOOD_2019_DEM_mosaic_2025-10-22_7.tif","TRIriley_1",0.25053601670248,"WOOD","7"
"WOOD_2019_DEM_mosaic_2025-10-22_8.tif","TRIriley_1",0.229463691538288,"WOOD","8"
"WOOD_2019_DEM_mosaic_2025-10-22_9.tif","TRIriley_1",0.249830207675462,"WOOD","9"
"ORNL_2018_DEM_mosaic_2025-10-22_1.tif","TRIrmsd_1",0.168632916464792,"ORNL","1"
"ORNL_2018_DEM_mosaic_2025-10-22_2.tif","TRIrmsd_1",0.208022809985542,"ORNL","2"
"ORNL_2018_DEM_mosaic_2025-10-22_3.tif","TRIrmsd_1",0.215755953812377,"ORNL","3"
"ORNL_2018_DEM_mosaic_2025-10-22_4.tif","TRIrmsd_1",0.194329727618732,"ORNL","4"
"ORNL_2018_DEM_mosaic_2025-10-22_5.tif","TRIrmsd_1",0.197517825872716,"ORNL","5"
"ORNL_2018_DEM_mosaic_2025-10-22_6.tif","TRIrmsd_1",0.247960108843917,"ORNL","6"
"ORNL_2018_DEM_mosaic_2025-10-22_7.tif","TRIrmsd_1",0.228960036678545,"ORNL","7"
"ORNL_2018_DEM_mosaic_2025-10-22_8.tif","TRIrmsd_1",0.196915081114124,"ORNL","8"
"ORNL_2018_DEM_mosaic_2025-10-22_9.tif","TRIrmsd_1",0.197369727321717,"ORNL","9"
"RMNP_2020_DEM_mosaic_2025-10-22_1.tif","TRIrmsd_1",0.179307299226305,"RMNP","1"
"RMNP_2020_DEM_mosaic_2025-10-22_2.tif","TRIrmsd_1",0.173858105015325,"RMNP","2"
"RMNP_2020_DEM_mosaic_2025-10-22_3.tif","TRIrmsd_1",0.21191539468441,"RMNP","3"
"RMNP_2020_DEM_mosaic_2025-10-22_4.tif","TRIrmsd_1",0.215848439739481,"RMNP","4"
"RMNP_2020_DEM_mosaic_2025-10-22_5.tif","TRIrmsd_1",0.355009811705764,"RMNP","5"
"RMNP_2020_DEM_mosaic_2025-10-22_6.tif","TRIrmsd_1",0.480030325394762,"RMNP","6"
"RMNP_2020_DEM_mosaic_2025-10-22_7.tif","TRIrmsd_1",0.246689612453061,"RMNP","7"
"RMNP_2020_DEM_mosaic_2025-10-22_8.tif","TRIrmsd_1",0.350998963344997,"RMNP","8"
"RMNP_2020_DEM_mosaic_2025-10-22_9.tif","TRIrmsd_1",0.365880832798894,"RMNP","9"
"CPER_2020_DEM_mosaic_2025-10-22_1.tif","TRIrmsd_1",0.0453019423858052,"CPER","1"
"CPER_2020_DEM_mosaic_2025-10-22_2.tif","TRIrmsd_1",0.0487437858822162,"CPER","2"
"CPER_2020_DEM_mosaic_2025-10-22_3.tif","TRIrmsd_1",0.0540368588587881,"CPER","3"
"CPER_2020_DEM_mosaic_2025-10-22_4.tif","TRIrmsd_1",0.0424873020482097,"CPER","4"
"CPER_2020_DEM_mosaic_2025-10-22_5.tif","TRIrmsd_1",0.0364958507394606,"CPER","5"
"CPER_2020_DEM_mosaic_2025-10-22_6.tif","TRIrmsd_1",0.0474557446452481,"CPER","6"
"CPER_2020_DEM_mosaic_2025-10-22_7.tif","TRIrmsd_1",0.0490239231748782,"CPER","7"
"CPER_2020_DEM_mosaic_2025-10-22_8.tif","TRIrmsd_1",0.0409282357444442,"CPER","8"
"CPER_2020_DEM_mosaic_2025-10-22_9.tif","TRIrmsd_1",0.0579212376036212,"CPER","9"
"WOOD_2019_DEM_mosaic_2025-10-22_1.tif","TRIrmsd_1",0.0891402256320617,"WOOD","1"
"WOOD_2019_DEM_mosaic_2025-10-22_2.tif","TRIrmsd_1",0.091348614891324,"WOOD","2"
"WOOD_2019_DEM_mosaic_2025-10-22_3.tif","TRIrmsd_1",0.0960541325763801,"WOOD","3"
"WOOD_2019_DEM_mosaic_2025-10-22_4.tif","TRIrmsd_1",0.082753457481293,"WOOD","4"
"WOOD_2019_DEM_mosaic_2025-10-22_5.tif","TRIrmsd_1",0.0847744622789084,"WOOD","5"
"WOOD_2019_DEM_mosaic_2025-10-22_6.tif","TRIrmsd_1",0.0964178180937226,"WOOD","6"
"WOOD_2019_DEM_mosaic_2025-10-22_7.tif","TRIrmsd_1",0.0885778581708915,"WOOD","7"
"WOOD_2019_DEM_mosaic_2025-10-22_8.tif","TRIrmsd_1",0.0811276661614106,"WOOD","8"
"WOOD_2019_DEM_mosaic_2025-10-22_9.tif","TRIrmsd_1",0.0883283169962557,"WOOD","9"
"ORNL_2018_DEM_mosaic_2025-10-22_1.tif","roughness_1",0.480511457159637,"ORNL","1"
"ORNL_2018_DEM_mosaic_2025-10-22_2.tif","roughness_1",0.58744130845074,"ORNL","2"
"ORNL_2018_DEM_mosaic_2025-10-22_3.tif","roughness_1",0.61284540119154,"ORNL","3"
"ORNL_2018_DEM_mosaic_2025-10-22_4.tif","roughness_1",0.550998608954285,"ORNL","4"
"ORNL_2018_DEM_mosaic_2025-10-22_5.tif","roughness_1",0.562842096459924,"ORNL","5"
"ORNL_2018_DEM_mosaic_2025-10-22_6.tif","roughness_1",0.711790872876939,"ORNL","6"
"ORNL_2018_DEM_mosaic_2025-10-22_7.tif","roughness_1",0.649345248522555,"ORNL","7"
"ORNL_2018_DEM_mosaic_2025-10-22_8.tif","roughness_1",0.555214781364702,"ORNL","8"
"ORNL_2018_DEM_mosaic_2025-10-22_9.tif","roughness_1",0.566059056601265,"ORNL","9"
"RMNP_2020_DEM_mosaic_2025-10-22_1.tif","roughness_1",0.50082895334238,"RMNP","1"
"RMNP_2020_DEM_mosaic_2025-10-22_2.tif","roughness_1",0.479929369287722,"RMNP","2"
"RMNP_2020_DEM_mosaic_2025-10-22_3.tif","roughness_1",0.588110036320515,"RMNP","3"
"RMNP_2020_DEM_mosaic_2025-10-22_4.tif","roughness_1",0.608941132943896,"RMNP","4"
"RMNP_2020_DEM_mosaic_2025-10-22_5.tif","roughness_1",1.01692482809269,"RMNP","5"
"RMNP_2020_DEM_mosaic_2025-10-22_6.tif","roughness_1",1.35416227599274,"RMNP","6"
"RMNP_2020_DEM_mosaic_2025-10-22_7.tif","roughness_1",0.697358499437739,"RMNP","7"
"RMNP_2020_DEM_mosaic_2025-10-22_8.tif","roughness_1",0.995799843694675,"RMNP","8"
"RMNP_2020_DEM_mosaic_2025-10-22_9.tif","roughness_1",1.0453744055852,"RMNP","9"
"CPER_2020_DEM_mosaic_2025-10-22_1.tif","roughness_1",0.127219554443043,"CPER","1"
"CPER_2020_DEM_mosaic_2025-10-22_2.tif","roughness_1",0.136359737289647,"CPER","2"
"CPER_2020_DEM_mosaic_2025-10-22_3.tif","roughness_1",0.153878988191633,"CPER","3"
"CPER_2020_DEM_mosaic_2025-10-22_4.tif","roughness_1",0.118985720191479,"CPER","4"
"CPER_2020_DEM_mosaic_2025-10-22_5.tif","roughness_1",0.0974974752728947,"CPER","5"
"CPER_2020_DEM_mosaic_2025-10-22_6.tif","roughness_1",0.132634365283213,"CPER","6"
"CPER_2020_DEM_mosaic_2025-10-22_7.tif","roughness_1",0.139692734729361,"CPER","7"
"CPER_2020_DEM_mosaic_2025-10-22_8.tif","roughness_1",0.11322938909739,"CPER","8"
"CPER_2020_DEM_mosaic_2025-10-22_9.tif","roughness_1",0.149872218037979,"CPER","9"
"WOOD_2019_DEM_mosaic_2025-10-22_1.tif","roughness_1",0.231744008393751,"WOOD","1"
"WOOD_2019_DEM_mosaic_2025-10-22_2.tif","roughness_1",0.234993551456285,"WOOD","2"
"WOOD_2019_DEM_mosaic_2025-10-22_3.tif","roughness_1",0.245588172364222,"WOOD","3"
"WOOD_2019_DEM_mosaic_2025-10-22_4.tif","roughness_1",0.208264918832267,"WOOD","4"
"WOOD_2019_DEM_mosaic_2025-10-22_5.tif","roughness_1",0.216040718132975,"WOOD","5"
"WOOD_2019_DEM_mosaic_2025-10-22_6.tif","roughness_1",0.247431247357168,"WOOD","6"
"WOOD_2019_DEM_mosaic_2025-10-22_7.tif","roughness_1",0.231075240098927,"WOOD","7"
"WOOD_2019_DEM_mosaic_2025-10-22_8.tif","roughness_1",0.210263345143984,"WOOD","8"
"WOOD_2019_DEM_mosaic_2025-10-22_9.tif","roughness_1",0.232915212928124,"WOOD","9"
